"x","y","u"
0.1,0.2,108.946647
0.1,0.3,112.955845
0.1,0.4,116.541223
0.1,0.5,119.727385
0.1,0.6,122.538257
0.1,0.7,124.997127
0.1,0.8,127.126672
0.1,0.9,128.948953
0.1,1,130.485395
0.1,1.1,131.756766
0.1,1.2,132.78315
0.1,1.3,133.583923
0.1,1.4,134.177719
0.1,1.5,134.582416
0.1,1.6,134.815111
0.1,1.7,134.892102
0.1,1.8,134.828884
0.1,1.9,134.640135
0.1,2,134.339715
0.1,2.1,133.94067
0.1,2.2,133.455236
0.1,2.3,132.89485
0.1,2.4,132.270163
0.1,2.5,131.591057
0.1,2.6,130.866666
0.1,2.7,130.105398
0.1,2.8,129.314962
0.1,2.9,128.502393
0.1,3,127.674081
0.1,3.1,126.835805
0.1,3.2,125.992757
0.1,3.3,125.149583
0.1,3.4,124.310406
0.1,3.5,123.478864
0.1,3.6,122.658142
0.1,3.7,121.851
0.1,3.8,121.05981
0.1,3.9,120.286579
0.1,4,119.532985
0.1,4.1,118.800401
0.1,4.2,118.089927
0.1,4.3,117.40241
0.1,4.4,116.738471
0.1,4.5,116.098533
0.1,4.6,115.482835
0.1,4.7,114.891457
0.1,4.8,114.324339
0.1,4.9,113.781299
0.1,5,113.262046
0.1,5.1,112.766199
0.1,5.2,112.293298
0.1,5.3,111.84282
0.1,5.4,111.414186
0.1,5.5,111.006774
0.1,5.6,110.619928
0.1,5.7,110.252965
0.1,5.8,109.905184
0.1,5.9,109.575872
0.1,6,109.264308
0.1,6.1,108.969772
0.1,6.2,108.691545
0.1,6.3,108.428916
0.1,6.4,108.181181
0.1,6.5,107.947654
0.1,6.6,107.727657
0.1,6.7,107.520536
0.1,6.8,107.325649
0.1,6.9,107.142377
0.1,7,106.970121
0.1,7.1,106.808302
0.1,7.2,106.656363
0.1,7.3,106.513769
0.1,7.4,106.380007
0.1,7.5,106.254585
0.1,7.6,106.137033
0.1,7.7,106.026901
0.1,7.8,105.923763
0.1,7.9,105.827211
0.1,8,105.736857
0.1,8.1,105.652333
0.1,8.2,105.573291
0.1,8.3,105.499397
0.1,8.4,105.43034
0.1,8.5,105.365823
0.1,8.6,105.305563
0.1,8.7,105.249298
0.1,8.8,105.196776
0.1,8.9,105.147761
0.1,9,105.102032
0.1,9.1,105.059378
0.1,9.2,105.019602
0.1,9.3,104.982518
0.1,9.4,104.947953
0.1,9.5,104.915742
0.1,9.6,104.885731
0.1,9.7,104.857776
0.1,9.8,104.831741
0.1,9.9,104.807498
0.1,10,104.784929
0.2,0.3,112.953521
0.2,0.4,116.580325
0.2,0.5,119.825084
0.2,0.6,122.709614
0.2,0.7,125.25524
0.2,0.8,127.482805
0.2,0.9,129.412662
0.2,1,131.064646
0.2,1.1,132.458055
0.2,1.2,133.611616
0.2,1.3,134.543455
0.2,1.4,135.271069
0.2,1.5,135.811298
0.2,1.6,136.180303
0.2,1.7,136.393543
0.2,1.8,136.465762
0.2,1.9,136.410979
0.2,2,136.242473
0.2,2.1,135.972788
0.2,2.2,135.613732
0.2,2.3,135.176378
0.2,2.4,134.671078
0.2,2.5,134.107471
0.2,2.6,133.494501
0.2,2.7,132.840435
0.2,2.8,132.152881
0.2,2.9,131.438816
0.2,3,130.704604
0.2,3.1,129.956028
0.2,3.2,129.198316
0.2,3.3,128.436167
0.2,3.4,127.673781
0.2,3.5,126.914892
0.2,3.6,126.162791
0.2,3.7,125.420359
0.2,3.8,124.690097
0.2,3.9,123.97415
0.2,4,123.274338
0.2,4.1,122.592181
0.2,4.2,121.928927
0.2,4.3,121.285573
0.2,4.4,120.66289
0.2,4.5,120.061448
0.2,4.6,119.481632
0.2,4.7,118.923665
0.2,4.8,118.387628
0.2,4.9,117.873472
0.2,5,117.381037
0.2,5.1,116.91007
0.2,5.2,116.460231
0.2,5.3,116.031113
0.2,5.4,115.622247
0.2,5.5,115.233116
0.2,5.6,114.863165
0.2,5.7,114.511805
0.2,5.8,114.178425
0.2,5.9,113.862396
0.2,6,113.563077
0.2,6.1,113.279822
0.2,6.2,113.011983
0.2,6.3,112.758913
0.2,6.4,112.519972
0.2,6.5,112.294528
0.2,6.6,112.081961
0.2,6.7,111.881663
0.2,6.8,111.693041
0.2,6.9,111.515519
0.2,7,111.348537
0.2,7.1,111.191554
0.2,7.2,111.044048
0.2,7.3,110.905515
0.2,7.4,110.775473
0.2,7.5,110.653456
0.2,7.6,110.539021
0.2,7.7,110.431741
0.2,7.8,110.33121
0.2,7.9,110.237042
0.2,8,110.148867
0.2,8.1,110.066334
0.2,8.2,109.989109
0.2,8.3,109.916875
0.2,8.4,109.849333
0.2,8.5,109.786197
0.2,8.6,109.727198
0.2,8.7,109.672082
0.2,8.8,109.620608
0.2,8.9,109.572547
0.2,9,109.527687
0.2,9.1,109.485824
0.2,9.2,109.446769
0.2,9.3,109.410341
0.2,9.4,109.376372
0.2,9.5,109.344703
0.2,9.6,109.315185
0.2,9.7,109.287677
0.2,9.8,109.262048
0.2,9.9,109.238175
0.2,10,109.215941
0.3,0.4,116.532418
0.3,0.5,119.814656
0.3,0.6,122.752166
0.3,0.7,125.364382
0.3,0.8,127.67038
0.3,0.9,129.688853
0.3,1,131.438095
0.3,1.1,132.935968
0.3,1.2,134.199864
0.3,1.3,135.246681
0.3,1.4,136.092785
0.3,1.5,136.753984
0.3,1.6,137.245499
0.3,1.7,137.581942
0.3,1.8,137.777296
0.3,1.9,137.8449
0.3,2,137.797436
0.3,2.1,137.646923
0.3,2.2,137.404715
0.3,2.3,137.081497
0.3,2.4,136.687294
0.3,2.5,136.231475
0.3,2.6,135.722767
0.3,2.7,135.169265
0.3,2.8,134.578453
0.3,2.9,133.957217
0.3,3,133.311872
0.3,3.1,132.64818
0.3,3.2,131.971375
0.3,3.3,131.286187
0.3,3.4,130.596872
0.3,3.5,129.907231
0.3,3.6,129.220645
0.3,3.7,128.540093
0.3,3.8,127.868185
0.3,3.9,127.207187
0.3,4,126.559042
0.3,4.1,125.925401
0.3,4.2,125.307644
0.3,4.3,124.706902
0.3,4.4,124.124084
0.3,4.5,123.559893
0.3,4.6,123.014848
0.3,4.7,122.489305
0.3,4.8,121.983471
0.3,4.9,121.497423
0.3,5,121.031125
0.3,5.1,120.584439
0.3,5.2,120.157139
0.3,5.3,119.748926
0.3,5.4,119.359435
0.3,5.5,118.988249
0.3,5.6,118.634906
0.3,5.7,118.298907
0.3,5.8,117.979725
0.3,5.9,117.676812
0.3,6,117.389602
0.3,6.1,117.11752
0.3,6.2,116.859985
0.3,6.3,116.616413
0.3,6.4,116.386222
0.3,6.5,116.168836
0.3,6.6,115.963686
0.3,6.7,115.770212
0.3,6.8,115.587866
0.3,6.9,115.416113
0.3,7,115.254432
0.3,7.1,115.102318
0.3,7.2,114.959283
0.3,7.3,114.824855
0.3,7.4,114.698579
0.3,7.5,114.580016
0.3,7.6,114.468748
0.3,7.7,114.364371
0.3,7.8,114.266502
0.3,7.9,114.174771
0.3,8,114.088828
0.3,8.1,114.008338
0.3,8.2,113.932984
0.3,8.3,113.862462
0.3,8.4,113.796485
0.3,8.5,113.73478
0.3,8.6,113.677091
0.3,8.7,113.623171
0.3,8.8,113.572789
0.3,8.9,113.525727
0.3,9,113.481778
0.3,9.1,113.440748
0.3,9.2,113.402452
0.3,9.3,113.366718
0.3,9.4,113.333381
0.3,9.5,113.302289
0.3,9.6,113.273297
0.3,9.7,113.246268
0.3,9.8,113.221076
0.3,9.9,113.197601
0.3,10,113.175729
0.4,0.5,119.706535
0.4,0.6,122.67799
0.4,0.7,125.338148
0.4,0.8,127.704382
0.4,0.9,129.793795
0.4,1,131.623187
0.4,1.1,133.20902
0.4,1.2,134.567392
0.4,1.3,135.713992
0.4,1.4,136.664075
0.4,1.5,137.432423
0.4,1.6,138.033324
0.4,1.7,138.480538
0.4,1.8,138.78728
0.4,1.9,138.9662
0.4,2,139.029366
0.4,2.1,138.988256
0.4,2.2,138.853749
0.4,2.3,138.63612
0.4,2.4,138.345043
0.4,2.5,137.989592
0.4,2.6,137.578252
0.4,2.7,137.118921
0.4,2.8,136.618931
0.4,2.9,136.085055
0.4,3,135.523529
0.4,3.1,134.940071
0.4,3.2,134.339897
0.4,3.3,133.727747
0.4,3.4,133.107905
0.4,3.5,132.484223
0.4,3.6,131.860146
0.4,3.7,131.238734
0.4,3.8,130.622688
0.4,3.9,130.014372
0.4,4,129.41584
0.4,4.1,128.828855
0.4,4.2,128.254915
0.4,4.3,127.695273
0.4,4.4,127.150957
0.4,4.5,126.622793
0.4,4.6,126.111425
0.4,4.7,125.617325
0.4,4.8,125.140822
0.4,4.9,124.682108
0.4,5,124.241259
0.4,5.1,123.818246
0.4,5.2,123.412951
0.4,5.3,123.025173
0.4,5.4,122.654648
0.4,5.5,122.30105
0.4,5.6,121.964006
0.4,5.7,121.643102
0.4,5.8,121.337891
0.4,5.9,121.0479
0.4,6,120.772637
0.4,6.1,120.511593
0.4,6.2,120.264251
0.4,6.3,120.030087
0.4,6.4,119.808576
0.4,6.5,119.599194
0.4,6.6,119.401421
0.4,6.7,119.214743
0.4,6.8,119.038656
0.4,6.9,118.872665
0.4,7,118.716287
0.4,7.1,118.569051
0.4,7.2,118.430502
0.4,7.3,118.300197
0.4,7.4,118.177709
0.4,7.5,118.062628
0.4,7.6,117.954556
0.4,7.7,117.853115
0.4,7.8,117.757939
0.4,7.9,117.668679
0.4,8,117.585004
0.4,8.1,117.506593
0.4,8.2,117.433145
0.4,8.3,117.36437
0.4,8.4,117.299994
0.4,8.5,117.239756
0.4,8.6,117.18341
0.4,8.7,117.13072
0.4,8.8,117.081464
0.4,8.9,117.035433
0.4,9,116.992427
0.4,9.1,116.95226
0.4,9.2,116.914753
0.4,9.3,116.87974
0.4,9.4,116.847063
0.4,9.5,116.816574
0.4,9.6,116.788132
0.4,9.7,116.761607
0.4,9.8,116.736875
0.4,9.9,116.713819
0.4,10,116.69233
0.5,0.6,122.498742
0.5,0.7,125.189668
0.5,0.8,127.599309
0.5,0.9,129.743239
0.5,1,131.636819
0.5,1.1,133.295167
0.5,1.2,134.733117
0.5,1.3,135.965184
0.5,1.4,137.005532
0.5,1.5,137.867936
0.5,1.6,138.565755
0.5,1.7,139.111906
0.5,1.8,139.518831
0.5,1.9,139.798485
0.5,2,139.962314
0.5,2.1,140.021238
0.5,2.2,139.985646
0.5,2.3,139.865385
0.5,2.4,139.669758
0.5,2.5,139.407524
0.5,2.6,139.086899
0.5,2.7,138.715564
0.5,2.8,138.300673
0.5,2.9,137.848864
0.5,3,137.366271
0.5,3.1,136.858543
0.5,3.2,136.330856
0.5,3.3,135.787935
0.5,3.4,135.234075
0.5,3.5,134.673154
0.5,3.6,134.108663
0.5,3.7,133.543723
0.5,3.8,132.981107
0.5,3.9,132.423264
0.5,4,131.872337
0.5,4.1,131.330188
0.5,4.2,130.798417
0.5,4.3,130.278385
0.5,4.4,129.771229
0.5,4.5,129.277886
0.5,4.6,128.799108
0.5,4.7,128.33548
0.5,4.8,127.887436
0.5,4.9,127.455279
0.5,5,127.039186
0.5,5.1,126.639232
0.5,5.2,126.255395
0.5,5.3,125.887572
0.5,5.4,125.535587
0.5,5.5,125.199204
0.5,5.6,124.878132
0.5,5.7,124.572038
0.5,5.8,124.280551
0.5,5.9,124.00327
0.5,6,123.73977
0.5,6.1,123.489607
0.5,6.2,123.252325
0.5,6.3,123.027458
0.5,6.4,122.814534
0.5,6.5,122.61308
0.5,6.6,122.422622
0.5,6.7,122.242693
0.5,6.8,122.072828
0.5,6.9,121.912571
0.5,7,121.761477
0.5,7.1,121.619108
0.5,7.2,121.485039
0.5,7.3,121.358858
0.5,7.4,121.240165
0.5,7.5,121.128573
0.5,7.6,121.023711
0.5,7.7,120.92522
0.5,7.8,120.832755
0.5,7.9,120.745987
0.5,8,120.664599
0.5,8.1,120.58829
0.5,8.2,120.516771
0.5,8.3,120.449766
0.5,8.4,120.387015
0.5,8.5,120.328268
0.5,8.6,120.273289
0.5,8.7,120.221853
0.5,8.8,120.173746
0.5,8.9,120.128769
0.5,9,120.086729
0.5,9.1,120.047446
0.5,9.2,120.01075
0.5,9.3,119.976479
0.5,9.4,119.944481
0.5,9.5,119.914614
0.5,9.6,119.886743
0.5,9.7,119.860739
0.5,9.8,119.836484
0.5,9.9,119.813864
0.5,10,119.792775
0.6,0.7,124.931587
0.6,0.8,127.369131
0.6,0.9,129.552379
0.6,1,131.495316
0.6,1.1,133.211765
0.6,1.2,134.715342
0.6,1.3,136.019423
0.6,1.4,137.137108
0.6,1.5,138.081187
0.6,1.6,138.864108
0.6,1.7,139.497945
0.6,1.8,139.994378
0.6,1.9,140.364664
0.6,2,140.619616
0.6,2.1,140.769593
0.6,2.2,140.82448
0.6,2.3,140.793681
0.6,2.4,140.68611
0.6,2.5,140.510192
0.6,2.6,140.273856
0.6,2.7,139.984544
0.6,2.8,139.649213
0.6,2.9,139.27434
0.6,3,138.865938
0.6,3.1,138.429565
0.6,3.2,137.970335
0.6,3.3,137.492939
0.6,3.4,137.001657
0.6,3.5,136.500379
0.6,3.6,135.992622
0.6,3.7,135.481547
0.6,3.8,134.969984
0.6,3.9,134.460446
0.6,4,133.955154
0.6,4.1,133.456052
0.6,4.2,132.964831
0.6,4.3,132.482941
0.6,4.4,132.011619
0.6,4.5,131.5519
0.6,4.6,131.104634
0.6,4.7,130.670508
0.6,4.8,130.250056
0.6,4.9,129.843675
0.6,5,129.451642
0.6,5.1,129.074124
0.6,5.2,128.711192
0.6,5.3,128.36283
0.6,5.4,128.028949
0.6,5.5,127.709394
0.6,5.6,127.403954
0.6,5.7,127.11237
0.6,5.8,126.834343
0.6,5.9,126.569541
0.6,6,126.317604
0.6,6.1,126.078148
0.6,6.2,125.850777
0.6,6.3,125.635077
0.6,6.4,125.43063
0.6,6.5,125.237009
0.6,6.6,125.053789
0.6,6.7,124.880542
0.6,6.8,124.716846
0.6,6.9,124.562281
0.6,7,124.416435
0.6,7.1,124.278906
0.6,7.2,124.149298
0.6,7.3,124.027227
0.6,7.4,123.912319
0.6,7.5,123.804214
0.6,7.6,123.70256
0.6,7.7,123.607022
0.6,7.8,123.517275
0.6,7.9,123.433005
0.6,8,123.353916
0.6,8.1,123.279719
0.6,8.2,123.210142
0.6,8.3,123.144921
0.6,8.4,123.08381
0.6,8.5,123.026568
0.6,8.6,122.972971
0.6,8.7,122.922805
0.6,8.8,122.875864
0.6,8.9,122.831955
0.6,9,122.790897
0.6,9.1,122.752514
0.6,9.2,122.716643
0.6,9.3,122.68313
0.6,9.4,122.651827
0.6,9.5,122.622596
0.6,9.6,122.595308
0.6,9.7,122.569839
0.6,9.8,122.546074
0.6,9.9,122.523904
0.6,10,122.503226
0.7,0.8,127.027264
0.7,0.9,129.235827
0.7,1,131.214392
0.7,1.1,132.975541
0.7,1.2,134.531722
0.7,1.3,135.895213
0.7,1.4,137.078083
0.7,1.5,138.092162
0.7,1.6,138.949002
0.7,1.7,139.659857
0.7,1.8,140.235644
0.7,1.9,140.686926
0.7,2,141.023888
0.7,2.1,141.256317
0.7,2.2,141.393587
0.7,2.3,141.444647
0.7,2.4,141.418011
0.7,2.5,141.321752
0.7,2.6,141.163497
0.7,2.7,140.950429
0.7,2.8,140.689288
0.7,2.9,140.386375
0.7,3,140.047558
0.7,3.1,139.678284
0.7,3.2,139.283587
0.7,3.3,138.868102
0.7,3.4,138.436079
0.7,3.5,137.991398
0.7,3.6,137.537582
0.7,3.7,137.077819
0.7,3.8,136.614976
0.7,3.9,136.151617
0.7,4,135.690023
0.7,4.1,135.232208
0.7,4.2,134.779935
0.7,4.3,134.334738
0.7,4.4,133.897938
0.7,4.5,133.470655
0.7,4.6,133.053831
0.7,4.7,132.648241
0.7,4.8,132.25451
0.7,4.9,131.873125
0.7,5,131.504451
0.7,5.1,131.148742
0.7,5.2,130.806152
0.7,5.3,130.476751
0.7,5.4,130.160527
0.7,5.5,129.857403
0.7,5.6,129.567241
0.7,5.7,129.289855
0.7,5.8,129.025013
0.7,5.9,128.772447
0.7,6,128.531857
0.7,6.1,128.302922
0.7,6.2,128.085296
0.7,6.3,127.878621
0.7,6.4,127.682526
0.7,6.5,127.496633
0.7,6.6,127.320557
0.7,6.7,127.153914
0.7,6.8,126.996319
0.7,6.9,126.847389
0.7,7,126.706746
0.7,7.1,126.574017
0.7,7.2,126.448838
0.7,7.3,126.330851
0.7,7.4,126.21971
0.7,7.5,126.115075
0.7,7.6,126.01662
0.7,7.7,125.924028
0.7,7.8,125.836993
0.7,7.9,125.755222
0.7,8,125.678431
0.7,8.1,125.60635
0.7,8.2,125.538719
0.7,8.3,125.475289
0.7,8.4,125.415823
0.7,8.5,125.360096
0.7,8.6,125.30789
0.7,8.7,125.259002
0.7,8.8,125.213236
0.7,8.9,125.170408
0.7,9,125.13034
0.7,9.1,125.092868
0.7,9.2,125.057834
0.7,9.3,125.025088
0.7,9.4,124.99449
0.7,9.5,124.965906
0.7,9.6,124.939211
0.7,9.7,124.914287
0.7,9.8,124.891021
0.7,9.9,124.869309
0.7,10,124.849051
0.8,0.9,128.807576
0.8,1,130.809114
0.8,1.1,132.602556
0.8,1.2,134.199231
0.8,1.3,135.610363
0.8,1.4,136.847028
0.8,1.5,137.920123
0.8,1.6,138.840335
0.8,1.7,139.618107
0.8,1.8,140.26361
0.8,1.9,140.786721
0.8,2,141.196996
0.8,2.1,141.503651
0.8,2.2,141.715545
0.8,2.3,141.841162
0.8,2.4,141.888607
0.8,2.5,141.865589
0.8,2.6,141.779418
0.8,2.7,141.637003
0.8,2.8,141.444851
0.8,2.9,141.209066
0.8,3,140.935357
0.8,3.1,140.62904
0.8,3.2,140.295052
0.8,3.3,139.937954
0.8,3.4,139.561946
0.8,3.5,139.17088
0.8,3.6,138.768271
0.8,3.7,138.357316
0.8,3.8,137.940903
0.8,3.9,137.521632
0.8,4,137.101829
0.8,4.1,136.683562
0.8,4.2,136.26866
0.8,4.3,135.858722
0.8,4.4,135.455142
0.8,4.5,135.059118
0.8,4.6,134.671669
0.8,4.7,134.293653
0.8,4.8,133.925775
0.8,4.9,133.568603
0.8,5,133.222584
0.8,5.1,132.888052
0.8,5.2,132.565238
0.8,5.3,132.254289
0.8,5.4,131.955267
0.8,5.5,131.668168
0.8,5.6,131.392923
0.8,5.7,131.129412
0.8,5.8,130.877468
0.8,5.9,130.636883
0.8,6,130.407417
0.8,6.1,130.188802
0.8,6.2,129.980747
0.8,6.3,129.782942
0.8,6.4,129.595065
0.8,6.5,129.41678
0.8,6.6,129.247746
0.8,6.7,129.087617
0.8,6.8,128.936046
0.8,6.9,128.792684
0.8,7,128.657185
0.8,7.1,128.529209
0.8,7.2,128.408417
0.8,7.3,128.294481
0.8,7.4,128.187076
0.8,7.5,128.085889
0.8,7.6,127.990612
0.8,7.7,127.900951
0.8,7.8,127.816617
0.8,7.9,127.737335
0.8,8,127.662837
0.8,8.1,127.592868
0.8,8.2,127.527181
0.8,8.3,127.465542
0.8,8.4,127.407723
0.8,8.5,127.353512
0.8,8.6,127.302701
0.8,8.7,127.255096
0.8,8.8,127.21051
0.8,8.9,127.168766
0.8,9,127.129697
0.8,9.1,127.093142
0.8,9.2,127.05895
0.8,9.3,127.026978
0.8,9.4,126.997091
0.8,9.5,126.969161
0.8,9.6,126.943067
0.8,9.7,126.918694
0.8,9.8,126.895934
0.8,9.9,126.874687
0.8,10,126.854855
0.9,1,130.293881
0.9,1.1,132.108175
0.9,1.2,133.734126
0.9,1.3,135.18195
0.9,1.4,136.46177
0.9,1.5,137.583587
0.9,1.6,138.557244
0.9,1.7,139.392399
0.9,1.8,140.098493
0.9,1.9,140.684726
0.9,2,141.160032
0.9,2.1,141.53306
0.9,2.2,141.81215
0.9,2.3,142.005322
0.9,2.4,142.120259
0.9,2.5,142.164299
0.9,2.6,142.144424
0.9,2.7,142.067256
0.9,2.8,141.939053
0.9,2.9,141.76571
0.9,3,141.552758
0.9,3.1,141.305369
0.9,3.2,141.028363
0.9,3.3,140.72621
0.9,3.4,140.403046
0.9,3.5,140.062679
0.9,3.6,139.708598
0.9,3.7,139.343992
0.9,3.8,138.971759
0.9,3.9,138.594517
0.9,4,138.214626
0.9,4.1,137.834196
0.9,4.2,137.455102
0.9,4.3,137.079003
0.9,4.4,136.707354
0.9,4.5,136.341419
0.9,4.6,135.982288
0.9,4.7,135.630886
0.9,4.8,135.287994
0.9,4.9,134.954254
0.9,5,134.630184
0.9,5.1,134.316192
0.9,5.2,134.012583
0.9,5.3,133.719572
0.9,5.4,133.437292
0.9,5.5,133.165804
0.9,5.6,132.905106
0.9,5.7,132.65514
0.9,5.8,132.415799
0.9,5.9,132.186932
0.9,6,131.968356
0.9,6.1,131.759853
0.9,6.2,131.561185
0.9,6.3,131.372087
0.9,6.4,131.192282
0.9,6.5,131.021479
0.9,6.6,130.859374
0.9,6.7,130.705662
0.9,6.8,130.560028
0.9,6.9,130.422158
0.9,7,130.291739
0.9,7.1,130.168458
0.9,7.2,130.052005
0.9,7.3,129.942076
0.9,7.4,129.838373
0.9,7.5,129.740602
0.9,7.6,129.648479
0.9,7.7,129.561726
0.9,7.8,129.480076
0.9,7.9,129.403268
0.9,8,129.331051
0.9,8.1,129.263184
0.9,8.2,129.199435
0.9,8.3,129.13958
0.9,8.4,129.083406
0.9,8.5,129.030708
0.9,8.6,128.981292
0.9,8.7,128.93497
0.9,8.8,128.891565
0.9,8.9,128.850907
0.9,9,128.812838
0.9,9.1,128.777202
0.9,9.2,128.743856
0.9,9.3,128.712663
0.9,9.4,128.683491
0.9,9.5,128.656219
0.9,9.6,128.630729
0.9,9.7,128.606911
0.9,9.8,128.584662
0.9,9.9,128.563884
0.9,10,128.544484
1,1.1,131.507042
1,1.2,133.151924
1,1.3,134.626293
1,1.4,135.939367
1,1.5,137.100283
1,1.6,138.118075
1,1.7,139.001639
1,1.8,139.759705
1,1.9,140.400811
1,2,140.933281
1,2.1,141.365199
1,2.2,141.704391
1,2.3,141.958409
1,2.4,142.134514
1,2.5,142.239665
1,2.6,142.280506
1,2.7,142.263362
1,2.8,142.194233
1,2.9,142.078788
1,3,141.922368
1,3.1,141.729986
1,3.2,141.506329
1,3.3,141.255765
1,3.4,140.982347
1,3.5,140.689822
1,3.6,140.381643
1,3.7,140.060976
1,3.8,139.73071
1,3.9,139.393473
1,4,139.051642
1,4.1,138.707356
1,4.2,138.362529
1,4.3,138.018866
1,4.4,137.67787
1,4.5,137.340863
1,4.6,137.008994
1,4.7,136.683253
1,4.8,136.364482
1,4.9,136.053391
1,5,135.750564
1,5.1,135.456475
1,5.2,135.171495
1,5.3,134.895905
1,5.4,134.629901
1,5.5,134.373607
1,5.6,134.12708
1,5.7,133.890322
1,5.8,133.663282
1,5.9,133.445864
1,6,133.237936
1,6.1,133.039331
1,6.2,132.849857
1,6.3,132.669296
1,6.4,132.497412
1,6.5,132.333955
1,6.6,132.178661
1,6.7,132.031259
1,6.8,131.891469
1,6.9,131.75901
1,7,131.633598
1,7.1,131.514949
1,7.2,131.402779
1,7.3,131.29681
1,7.4,131.196765
1,7.5,131.102374
1,7.6,131.013373
1,7.7,130.929503
1,7.8,130.850513
1,7.9,130.776159
1,8,130.706207
1,8.1,130.640429
1,8.2,130.578605
1,8.3,130.520526
1,8.4,130.465988
1,8.5,130.414799
1,8.6,130.366771
1,8.7,130.321729
1,8.8,130.279503
1,8.9,130.239931
1,9,130.202861
1,9.1,130.168145
1,9.2,130.135646
1,9.3,130.105231
1,9.4,130.076777
1,9.5,130.050164
1,9.6,130.02528
1,9.7,130.002021
1,9.8,129.980285
1,9.9,129.959979
1,10,129.941012
1.1,1.2,132.467369
1.1,1.3,133.958925
1.1,1.4,135.296073
1.1,1.5,136.487132
1.1,1.6,137.540356
1.1,1.7,138.463909
1.1,1.8,139.26583
1.1,1.9,139.954016
1.1,2,140.536191
1.1,2.1,141.019886
1.1,2.2,141.412418
1.1,2.3,141.720871
1.1,2.4,141.952085
1.1,2.5,142.112633
1.1,2.6,142.208819
1.1,2.7,142.246662
1.1,2.8,142.231891
1.1,2.9,142.169943
1.1,3,142.065956
1.1,3.1,141.924769
1.1,3.2,141.750926
1.1,3.3,141.548675
1.1,3.4,141.321975
1.1,3.5,141.074501
1.1,3.6,140.809651
1.1,3.7,140.530555
1.1,3.8,140.240083
1.1,3.9,139.940858
1.1,4,139.635262
1.1,4.1,139.325453
1.1,4.2,139.01337
1.1,4.3,138.700751
1.1,4.4,138.389144
1.1,4.5,138.079914
1.1,4.6,137.774261
1.1,4.7,137.473229
1.1,4.8,137.177718
1.1,4.9,136.888495
1.1,5,136.606205
1.1,5.1,136.33138
1.1,5.2,136.064453
1.1,5.3,135.805763
1.1,5.4,135.555566
1.1,5.5,135.314042
1.1,5.6,135.081307
1.1,5.7,134.857415
1.1,5.8,134.642369
1.1,5.9,134.436124
1.1,6,134.238597
1.1,6.1,134.049669
1.1,6.2,133.869192
1.1,6.3,133.69699
1.1,6.4,133.53287
1.1,6.5,133.376619
1.1,6.6,133.228011
1.1,6.7,133.086807
1.1,6.8,132.952763
1.1,6.9,132.825628
1.1,7,132.705145
1.1,7.1,132.591059
1.1,7.2,132.483112
1.1,7.3,132.381049
1.1,7.4,132.284616
1.1,7.5,132.193564
1.1,7.6,132.107648
1.1,7.7,132.026629
1.1,7.8,131.950272
1.1,7.9,131.878349
1.1,8,131.810642
1.1,8.1,131.746934
1.1,8.2,131.687022
1.1,8.3,131.630705
1.1,8.4,131.577793
1.1,8.5,131.528103
1.1,8.6,131.481457
1.1,8.7,131.437689
1.1,8.8,131.396636
1.1,8.9,131.358146
1.1,9,131.322072
1.1,9.1,131.288274
1.1,9.2,131.25662
1.1,9.3,131.226983
1.1,9.4,131.199245
1.1,9.5,131.173292
1.1,9.6,131.149016
1.1,9.7,131.126315
1.1,9.8,131.105093
1.1,9.9,131.08526
1.1,10,131.066729
1.2,1.3,133.194568
1.2,1.4,134.547322
1.2,1.5,135.760217
1.2,1.6,136.840768
1.2,1.7,137.796434
1.2,1.8,138.634593
1.2,1.9,139.362517
1.2,2,139.987348
1.2,2.1,140.516075
1.2,2.2,140.955514
1.2,2.3,141.312289
1.2,2.4,141.592816
1.2,2.5,141.803285
1.2,2.6,141.949653
1.2,2.7,142.03763
1.2,2.8,142.072668
1.2,2.9,142.05996
1.2,3,142.004431
1.2,3.1,141.910738
1.2,3.2,141.783268
1.2,3.3,141.626139
1.2,3.4,141.443202
1.2,3.5,141.238047
1.2,3.6,141.014007
1.2,3.7,140.774162
1.2,3.8,140.521351
1.2,3.9,140.258178
1.2,4,139.987021
1.2,4.1,139.710042
1.2,4.2,139.429198
1.2,4.3,139.146251
1.2,4.4,138.862778
1.2,4.5,138.580183
1.2,4.6,138.299707
1.2,4.7,138.02244
1.2,4.8,137.749331
1.2,4.9,137.481198
1.2,5,137.218739
1.2,5.1,136.96254
1.2,5.2,136.713088
1.2,5.3,136.470776
1.2,5.4,136.235913
1.2,5.5,136.008735
1.2,5.6,135.789407
1.2,5.7,135.578035
1.2,5.8,135.374672
1.2,5.9,135.179321
1.2,6,134.991944
1.2,6.1,134.812467
1.2,6.2,134.640784
1.2,6.3,134.476761
1.2,6.4,134.320242
1.2,6.5,134.171051
1.2,6.6,134.028998
1.2,6.7,133.893877
1.2,6.8,133.765476
1.2,6.9,133.643571
1.2,7,133.527936
1.2,7.1,133.41834
1.2,7.2,133.314551
1.2,7.3,133.216336
1.2,7.4,133.123464
1.2,7.5,133.035707
1.2,7.6,132.952837
1.2,7.7,132.874633
1.2,7.8,132.800878
1.2,7.9,132.73136
1.2,8,132.665873
1.2,8.1,132.604216
1.2,8.2,132.546197
1.2,8.3,132.491627
1.2,8.4,132.440328
1.2,8.5,132.392124
1.2,8.6,132.346851
1.2,8.7,132.304348
1.2,8.8,132.264462
1.2,8.9,132.227048
1.2,9,132.191965
1.2,9.1,132.15908
1.2,9.2,132.128268
1.2,9.3,132.099408
1.2,9.4,132.072384
1.2,9.5,132.047088
1.2,9.6,132.023418
1.2,9.7,132.001275
1.2,9.8,131.980568
1.2,9.9,131.961207
1.2,10,131.943111
1.3,1.4,133.707699
1.3,1.5,134.934764
1.3,1.6,136.035124
1.3,1.7,137.015568
1.3,1.8,137.882837
1.3,1.9,138.643605
1.3,2,139.304449
1.3,2.1,139.87183
1.3,2.2,140.352076
1.3,2.3,140.751354
1.3,2.4,141.075664
1.3,2.5,141.330814
1.3,2.6,141.522414
1.3,2.7,141.655857
1.3,2.8,141.736318
1.3,2.9,141.768737
1.3,3,141.757821
1.3,3.1,141.708032
1.3,3.2,141.623592
1.3,3.3,141.508479
1.3,3.4,141.366424
1.3,3.5,141.200921
1.3,3.6,141.015225
1.3,3.7,140.812357
1.3,3.8,140.595112
1.3,3.9,140.366065
1.3,4,140.127578
1.3,4.1,139.881809
1.3,4.2,139.63072
1.3,4.3,139.376086
1.3,4.4,139.119507
1.3,4.5,138.862416
1.3,4.6,138.606086
1.3,4.7,138.351646
1.3,4.8,138.100085
1.3,4.9,137.852267
1.3,5,137.608935
1.3,5.1,137.370724
1.3,5.2,137.138168
1.3,5.3,136.911711
1.3,5.4,136.69171
1.3,5.5,136.478449
1.3,5.6,136.272142
1.3,5.7,136.072943
1.3,5.8,135.880948
1.3,5.9,135.696207
1.3,6,135.518725
1.3,6.1,135.34847
1.3,6.2,135.185374
1.3,6.3,135.029344
1.3,6.4,134.88026
1.3,6.5,134.737981
1.3,6.6,134.602349
1.3,6.7,134.473191
1.3,6.8,134.350324
1.3,6.9,134.233554
1.3,7,134.122681
1.3,7.1,134.017499
1.3,7.2,133.917799
1.3,7.3,133.823372
1.3,7.4,133.734008
1.3,7.5,133.649496
1.3,7.6,133.569629
1.3,7.7,133.494204
1.3,7.8,133.423017
1.3,7.9,133.355874
1.3,8,133.292581
1.3,8.1,133.232951
1.3,8.2,133.176805
1.3,8.3,133.123965
1.3,8.4,133.074262
1.3,8.5,133.027532
1.3,8.6,132.983619
1.3,8.7,132.942371
1.3,8.8,132.903643
1.3,8.9,132.867296
1.3,9,132.833198
1.3,9.1,132.801222
1.3,9.2,132.771247
1.3,9.3,132.743158
1.3,9.4,132.716845
1.3,9.5,132.692205
1.3,9.6,132.669138
1.3,9.7,132.647552
1.3,9.8,132.627356
1.3,9.9,132.608468
1.3,10,132.590807
1.4,1.5,134.025127
1.4,1.6,135.138353
1.4,1.7,136.136768
1.4,1.8,137.026506
1.4,1.9,137.813666
1.4,2,138.504282
1.4,2.1,139.104306
1.4,2.2,139.619585
1.4,2.3,140.055847
1.4,2.4,140.418676
1.4,2.5,140.713505
1.4,2.6,140.945596
1.4,2.7,141.12003
1.4,2.8,141.241693
1.4,2.9,141.315275
1.4,3,141.345253
1.4,3.1,141.335892
1.4,3.2,141.291239
1.4,3.3,141.21512
1.4,3.4,141.111141
1.4,3.5,140.982687
1.4,3.6,140.832926
1.4,3.7,140.664808
1.4,3.8,140.481076
1.4,3.9,140.284264
1.4,4,140.076708
1.4,4.1,139.860551
1.4,4.2,139.637752
1.4,4.3,139.410091
1.4,4.4,139.17918
1.4,4.5,138.946472
1.4,4.6,138.713266
1.4,4.7,138.480721
1.4,4.8,138.249861
1.4,4.9,138.021587
1.4,5,137.796681
1.4,5.1,137.575821
1.4,5.2,137.359585
1.4,5.3,137.148458
1.4,5.4,136.942845
1.4,5.5,136.743072
1.4,5.6,136.549399
1.4,5.7,136.362021
1.4,5.8,136.181078
1.4,5.9,136.006662
1.4,6,135.838817
1.4,6.1,135.677551
1.4,6.2,135.522834
1.4,6.3,135.374608
1.4,6.4,135.232789
1.4,6.5,135.097269
1.4,6.6,134.967921
1.4,6.7,134.844604
1.4,6.8,134.727161
1.4,6.9,134.615427
1.4,7,134.509226
1.4,7.1,134.408378
1.4,7.2,134.312697
1.4,7.3,134.221995
1.4,7.4,134.13608
1.4,7.5,134.054764
1.4,7.6,133.977855
1.4,7.7,133.905167
1.4,7.8,133.836513
1.4,7.9,133.771712
1.4,8,133.710585
1.4,8.1,133.652958
1.4,8.2,133.598662
1.4,8.3,133.547531
1.4,8.4,133.499407
1.4,8.5,133.454136
1.4,8.6,133.41157
1.4,8.7,133.371565
1.4,8.8,133.333984
1.4,8.9,133.298696
1.4,9,133.265575
1.4,9.1,133.234499
1.4,9.2,133.205355
1.4,9.3,133.178033
1.4,9.4,133.152427
1.4,9.5,133.128438
1.4,9.6,133.105972
1.4,9.7,133.084939
1.4,9.8,133.065254
1.4,9.9,133.046835
1.4,10,133.029607
1.5,1.6,134.164489
1.5,1.7,135.174587
1.5,1.8,136.08063
1.5,1.9,136.888168
1.5,2,137.602714
1.5,2.1,138.22973
1.5,2.2,138.7746
1.5,2.3,139.24262
1.5,2.4,139.638972
1.5,2.5,139.968717
1.5,2.6,140.236773
1.5,2.7,140.447907
1.5,2.8,140.606723
1.5,2.9,140.717651
1.5,3,140.784938
1.5,3.1,140.812643
1.5,3.2,140.804633
1.5,3.3,140.764576
1.5,3.4,140.695942
1.5,3.5,140.602
1.5,3.6,140.485821
1.5,3.7,140.350277
1.5,3.8,140.198045
1.5,3.9,140.031613
1.5,4,139.853279
1.5,4.1,139.665164
1.5,4.2,139.469212
1.5,4.3,139.267201
1.5,4.4,139.060747
1.5,4.5,138.851314
1.5,4.6,138.64022
1.5,4.7,138.428646
1.5,4.8,138.217645
1.5,4.9,138.008147
1.5,5,137.80097
1.5,5.1,137.596827
1.5,5.2,137.396334
1.5,5.3,137.200016
1.5,5.4,137.008317
1.5,5.5,136.821603
1.5,5.6,136.640174
1.5,5.7,136.464265
1.5,5.8,136.294056
1.5,5.9,136.129677
1.5,6,135.971209
1.5,6.1,135.818697
1.5,6.2,135.672148
1.5,6.3,135.531535
1.5,6.4,135.396809
1.5,6.5,135.267893
1.5,6.6,135.14469
1.5,6.7,135.027087
1.5,6.8,134.914956
1.5,6.9,134.808156
1.5,7,134.706537
1.5,7.1,134.609941
1.5,7.2,134.518205
1.5,7.3,134.431161
1.5,7.4,134.348638
1.5,7.5,134.270463
1.5,7.6,134.196465
1.5,7.7,134.126472
1.5,7.8,134.060313
1.5,7.9,133.997821
1.5,8,133.938829
1.5,8.1,133.883178
1.5,8.2,133.830708
1.5,8.3,133.781265
1.5,8.4,133.734702
1.5,8.5,133.690872
1.5,8.6,133.649637
1.5,8.7,133.610862
1.5,8.8,133.574417
1.5,8.9,133.540177
1.5,9,133.508023
1.5,9.1,133.477841
1.5,9.2,133.449521
1.5,9.3,133.422959
1.5,9.4,133.398054
1.5,9.5,133.374712
1.5,9.6,133.352842
1.5,9.7,133.332359
1.5,9.8,133.31318
1.5,9.9,133.295229
1.5,10,133.278432
1.6,1.7,134.142664
1.6,1.8,135.059316
1.6,1.9,135.881648
1.6,2,136.614677
1.6,2.1,137.263394
1.6,2.2,137.832738
1.6,2.3,138.327587
1.6,2.4,138.752732
1.6,2.5,139.112868
1.6,2.6,139.412577
1.6,2.7,139.656316
1.6,2.8,139.848403
1.6,2.9,139.993011
1.6,3,140.094153
1.6,3.1,140.155681
1.6,3.2,140.181273
1.6,3.3,140.174435
1.6,3.4,140.138494
1.6,3.5,140.076596
1.6,3.6,139.991705
1.6,3.7,139.886608
1.6,3.8,139.763908
1.6,3.9,139.626036
1.6,4,139.475247
1.6,4.1,139.313629
1.6,4.2,139.143104
1.6,4.3,138.965439
1.6,4.4,138.782246
1.6,4.5,138.594993
1.6,4.6,138.40501
1.6,4.7,138.213492
1.6,4.8,138.021514
1.6,4.9,137.830031
1.6,5,137.639889
1.6,5.1,137.451832
1.6,5.2,137.266509
1.6,5.3,137.084478
1.6,5.4,136.906218
1.6,5.5,136.732134
1.6,5.6,136.56256
1.6,5.7,136.397768
1.6,5.8,136.237973
1.6,5.9,136.083342
1.6,6,135.93399
1.6,6.1,135.789996
1.6,6.2,135.6514
1.6,6.3,135.518209
1.6,6.4,135.390401
1.6,6.5,135.267932
1.6,6.6,135.150733
1.6,6.7,135.038717
1.6,6.8,134.931782
1.6,6.9,134.829813
1.6,7,134.732682
1.6,7.1,134.640255
1.6,7.2,134.552389
1.6,7.3,134.468935
1.6,7.4,134.389742
1.6,7.5,134.314655
1.6,7.6,134.243518
1.6,7.7,134.176176
1.6,7.8,134.112472
1.6,7.9,134.052253
1.6,8,133.995366
1.6,8.1,133.941661
1.6,8.2,133.890992
1.6,8.3,133.843215
1.6,8.4,133.798191
1.6,8.5,133.755785
1.6,8.6,133.715866
1.6,8.7,133.678306
1.6,8.8,133.642983
1.6,8.9,133.60978
1.6,9,133.578584
1.6,9.1,133.549286
1.6,9.2,133.521782
1.6,9.3,133.495972
1.6,9.4,133.471763
1.6,9.5,133.449062
1.6,9.6,133.427784
1.6,9.7,133.407846
1.6,9.8,133.389171
1.6,9.9,133.371684
1.6,10,133.355314
1.7,1.8,133.975747
1.7,1.9,134.807711
1.7,2,135.554164
1.7,2.1,136.219646
1.7,2.2,136.808672
1.7,2.3,137.325714
1.7,2.4,137.775187
1.7,2.5,138.16143
1.7,2.6,138.488695
1.7,2.7,138.761134
1.7,2.8,138.982784
1.7,2.9,139.157559
1.7,3,139.289239
1.7,3.1,139.381463
1.7,3.2,139.437722
1.7,3.3,139.461352
1.7,3.4,139.455531
1.7,3.5,139.423277
1.7,3.6,139.367442
1.7,3.7,139.290716
1.7,3.8,139.195625
1.7,3.9,139.084534
1.7,4,138.959645
1.7,4.1,138.823007
1.7,4.2,138.676513
1.7,4.3,138.521909
1.7,4.4,138.360798
1.7,4.5,138.194644
1.7,4.6,138.02478
1.7,4.7,137.852413
1.7,4.8,137.678631
1.7,4.9,137.504407
1.7,5,137.330612
1.7,5.1,137.158013
1.7,5.2,136.987287
1.7,5.3,136.819024
1.7,5.4,136.653732
1.7,5.5,136.491849
1.7,5.6,136.33374
1.7,5.7,136.179711
1.7,5.8,136.030012
1.7,5.9,135.884838
1.7,6,135.74434
1.7,6.1,135.608627
1.7,6.2,135.477769
1.7,6.3,135.351805
1.7,6.4,135.230741
1.7,6.5,135.11456
1.7,6.6,135.00322
1.7,6.7,134.896662
1.7,6.8,134.794807
1.7,6.9,134.697564
1.7,7,134.604827
1.7,7.1,134.516483
1.7,7.2,134.432409
1.7,7.3,134.352476
1.7,7.4,134.276551
1.7,7.5,134.204495
1.7,7.6,134.13617
1.7,7.7,134.071433
1.7,7.8,134.010144
1.7,7.9,133.952161
1.7,8,133.897345
1.7,8.1,133.845557
1.7,8.2,133.796662
1.7,8.3,133.750527
1.7,8.4,133.707022
1.7,8.5,133.66602
1.7,8.6,133.627399
1.7,8.7,133.591039
1.7,8.8,133.556825
1.7,8.9,133.524647
1.7,9,133.494398
1.7,9.1,133.465974
1.7,9.2,133.439277
1.7,9.3,133.414213
1.7,9.4,133.390691
1.7,9.5,133.368625
1.7,9.6,133.347933
1.7,9.7,133.328536
1.7,9.8,133.31036
1.7,9.9,133.293333
1.7,10,133.277388
1.8,1.9,133.679031
1.8,2,134.434229
1.8,2.1,135.111891
1.8,2.2,135.716126
1.8,2.3,136.251019
1.8,2.4,136.72062
1.8,2.5,137.128926
1.8,2.6,137.479867
1.8,2.7,137.777295
1.8,2.8,138.024971
1.8,2.9,138.226553
1.8,3,138.38559
1.8,3.1,138.505506
1.8,3.2,138.589603
1.8,3.3,138.641043
1.8,3.4,138.662852
1.8,3.5,138.657914
1.8,3.6,138.628963
1.8,3.7,138.578588
1.8,3.8,138.509228
1.8,3.9,138.423177
1.8,4,138.322579
1.8,4.1,138.209433
1.8,4.2,138.085597
1.8,4.3,137.952791
1.8,4.4,137.8126
1.8,4.5,137.666479
1.8,4.6,137.515757
1.8,4.7,137.361644
1.8,4.8,137.205237
1.8,4.9,137.047525
1.8,5,136.889391
1.8,5.1,136.731627
1.8,5.2,136.574931
1.8,5.3,136.419918
1.8,5.4,136.267124
1.8,5.5,136.117013
1.8,5.6,135.969982
1.8,5.7,135.826364
1.8,5.8,135.686439
1.8,5.9,135.550433
1.8,6,135.418525
1.8,6.1,135.290855
1.8,6.2,135.16752
1.8,6.3,135.048587
1.8,6.4,134.93409
1.8,6.5,134.824037
1.8,6.6,134.718414
1.8,6.7,134.617183
1.8,6.8,134.52029
1.8,6.9,134.427666
1.8,7,134.339227
1.8,7.1,134.254879
1.8,7.2,134.174519
1.8,7.3,134.098037
1.8,7.4,134.025316
1.8,7.5,133.956234
1.8,7.6,133.890668
1.8,7.7,133.82849
1.8,7.8,133.769573
1.8,7.9,133.713789
1.8,8,133.66101
1.8,8.1,133.611109
1.8,8.2,133.563961
1.8,8.3,133.519443
1.8,8.4,133.477434
1.8,8.5,133.437816
1.8,8.6,133.400475
1.8,8.7,133.365299
1.8,8.8,133.33218
1.8,8.9,133.301014
1.8,9,133.271699
1.8,9.1,133.244139
1.8,9.2,133.21824
1.8,9.3,133.193913
1.8,9.4,133.171072
1.8,9.5,133.149634
1.8,9.6,133.129523
1.8,9.7,133.110661
1.8,9.8,133.092979
1.8,9.9,133.076408
1.8,10,133.060884
1.9,2,133.266995
1.9,2.1,133.952596
1.9,2.2,134.567883
1.9,2.3,135.116573
1.9,2.4,135.602366
1.9,2.5,136.028929
1.9,2.6,136.39988
1.9,2.7,136.718781
1.9,2.8,136.989121
1.9,2.9,137.214308
1.9,3,137.397658
1.9,3.1,137.542386
1.9,3.2,137.651598
1.9,3.3,137.728286
1.9,3.4,137.77532
1.9,3.5,137.795442
1.9,3.6,137.791268
1.9,3.7,137.765278
1.9,3.8,137.719821
1.9,3.9,137.657111
1.9,4,137.579227
1.9,4.1,137.488116
1.9,4.2,137.385593
1.9,4.3,137.273344
1.9,4.4,137.152929
1.9,4.5,137.025789
1.9,4.6,136.893243
1.9,4.7,136.7565
1.9,4.8,136.616658
1.9,4.9,136.474714
1.9,5,136.331565
1.9,5.1,136.188017
1.9,5.2,136.044786
1.9,5.3,135.902509
1.9,5.4,135.761744
1.9,5.5,135.622979
1.9,5.6,135.486637
1.9,5.7,135.353078
1.9,5.8,135.222608
1.9,5.9,135.095479
1.9,6,134.971899
1.9,6.1,134.852032
1.9,6.2,134.736004
1.9,6.3,134.623907
1.9,6.4,134.515799
1.9,6.5,134.411715
1.9,6.6,134.311662
1.9,6.7,134.215627
1.9,6.8,134.123577
1.9,6.9,134.035464
1.9,7,133.951226
1.9,7.1,133.870787
1.9,7.2,133.794062
1.9,7.3,133.720959
1.9,7.4,133.651377
1.9,7.5,133.585211
1.9,7.6,133.522351
1.9,7.7,133.462685
1.9,7.8,133.406097
1.9,7.9,133.352473
1.9,8,133.301696
1.9,8.1,133.25365
1.9,8.2,133.208221
1.9,8.3,133.165294
1.9,8.4,133.124759
1.9,8.5,133.086505
1.9,8.6,133.050426
1.9,8.7,133.016417
1.9,8.8,132.984377
1.9,8.9,132.954209
1.9,9,132.925817
1.9,9.1,132.89911
1.9,9.2,132.873999
1.9,9.3,132.8504
1.9,9.4,132.828231
1.9,9.5,132.807415
1.9,9.6,132.787877
1.9,9.7,132.769545
1.9,9.8,132.752352
1.9,9.9,132.736233
1.9,10,132.721125
2,2.1,132.753297
2,2.2,133.375791
2,2.3,133.934509
2,2.4,134.432819
2,2.5,134.87407
2,2.6,135.261582
2,2.7,135.598633
2,2.8,135.88845
2,2.9,136.134195
2,3,136.338956
2,3.1,136.505738
2,3.2,136.637457
2,3.3,136.736928
2,3.4,136.806865
2,3.5,136.849869
2,3.6,136.868428
2,3.7,136.864915
2,3.8,136.841581
2,3.9,136.800556
2,4,136.743849
2,4.1,136.673346
2,4.2,136.590816
2,4.3,136.497904
2,4.4,136.396143
2,4.5,136.286948
2,4.6,136.171627
2,4.7,136.051379
2,4.8,135.927302
2,4.9,135.800392
2,5,135.671557
2,5.1,135.54161
2,5.2,135.411284
2,5.3,135.281231
2,5.4,135.15203
2,5.5,135.024187
2,5.6,134.898149
2,5.7,134.774297
2,5.8,134.652962
2,5.9,134.534421
2,6,134.418905
2,6.1,134.306603
2,6.2,134.197665
2,6.3,134.092207
2,6.4,133.990311
2,6.5,133.892034
2,6.6,133.797405
2,6.7,133.706434
2,6.8,133.619108
2,6.9,133.535398
2,7,133.455262
2,7.1,133.378643
2,7.2,133.305474
2,7.3,133.235677
2,7.4,133.169169
2,7.5,133.105859
2,7.6,133.045653
2,7.7,132.98845
2,7.8,132.934148
2,7.9,132.882645
2,8,132.833835
2,8.1,132.787612
2,8.2,132.743872
2,8.3,132.702511
2,8.4,132.663425
2,8.5,132.626513
2,8.6,132.591676
2,8.7,132.558817
2,8.8,132.527842
2,8.9,132.498658
2,9,132.471175
2,9.1,132.44531
2,9.2,132.420977
2,9.3,132.398096
2,9.4,132.376592
2,9.5,132.35639
2,9.6,132.337419
2,9.7,132.319611
2,9.8,132.302901
2,9.9,132.287228
2,10,132.272533
2.1,2.2,132.150775
2.1,2.3,132.716035
2.1,2.4,133.223445
2.1,2.5,133.676051
2.1,2.6,134.076888
2.1,2.7,134.428963
2.1,2.8,134.735245
2.1,2.9,134.998659
2.1,3,135.222069
2.1,3.1,135.408274
2.1,3.2,135.56
2.1,3.3,135.67989
2.1,3.4,135.770495
2.1,3.5,135.834278
2.1,3.6,135.873597
2.1,3.7,135.890711
2.1,3.8,135.88777
2.1,3.9,135.866818
2.1,4,135.829787
2.1,4.1,135.7785
2.1,4.2,135.714671
2.1,4.3,135.639902
2.1,4.4,135.55569
2.1,4.5,135.463424
2.1,4.6,135.364391
2.1,4.7,135.259777
2.1,4.8,135.150671
2.1,4.9,135.038072
2.1,5,134.922884
2.1,5.1,134.805931
2.1,5.2,134.687955
2.1,5.3,134.569619
2.1,5.4,134.451517
2.1,5.5,134.334175
2.1,5.6,134.218055
2.1,5.7,134.103561
2.1,5.8,133.991043
2.1,5.9,133.8808
2.1,6,133.773086
2.1,6.1,133.66811
2.1,6.2,133.566046
2.1,6.3,133.46703
2.1,6.4,133.371167
2.1,6.5,133.278535
2.1,6.6,133.189185
2.1,6.7,133.103144
2.1,6.8,133.020421
2.1,6.9,132.941007
2.1,7,132.864875
2.1,7.1,132.791987
2.1,7.2,132.722291
2.1,7.3,132.655728
2.1,7.4,132.592228
2.1,7.5,132.531716
2.1,7.6,132.474108
2.1,7.7,132.419319
2.1,7.8,132.36726
2.1,7.9,132.317837
2.1,8,132.270957
2.1,8.1,132.226525
2.1,8.2,132.184445
2.1,8.3,132.144623
2.1,8.4,132.106963
2.1,8.5,132.071371
2.1,8.6,132.037758
2.1,8.7,132.006031
2.1,8.8,131.976103
2.1,8.9,131.947888
2.1,9,131.921303
2.1,9.1,131.896267
2.1,9.2,131.872701
2.1,9.3,131.85053
2.1,9.4,131.829682
2.1,9.5,131.810085
2.1,9.6,131.791674
2.1,9.7,131.774383
2.1,9.8,131.758152
2.1,9.9,131.74292
2.1,10,131.728633
2.2,2.3,131.471448
2.2,2.4,131.984795
2.2,2.5,132.445658
2.2,2.6,132.856798
2.2,2.7,133.220961
2.2,2.8,133.540873
2.2,2.9,133.819224
2.2,3,134.058664
2.2,3.1,134.261789
2.2,3.2,134.431137
2.2,3.3,134.569179
2.2,3.4,134.67831
2.2,3.5,134.760847
2.2,3.6,134.819021
2.2,3.7,134.854972
2.2,3.8,134.870748
2.2,3.9,134.868302
2.2,4,134.849487
2.2,4.1,134.816057
2.2,4.2,134.769667
2.2,4.3,134.711871
2.2,4.4,134.644125
2.2,4.5,134.567788
2.2,4.6,134.48412
2.2,4.7,134.394291
2.2,4.8,134.299378
2.2,4.9,134.200371
2.2,5,134.098175
2.2,5.1,133.993614
2.2,5.2,133.887435
2.2,5.3,133.780313
2.2,5.4,133.672851
2.2,5.5,133.56559
2.2,5.6,133.459006
2.2,5.7,133.353522
2.2,5.8,133.249504
2.2,5.9,133.147271
2.2,6,133.047095
2.2,6.1,132.949207
2.2,6.2,132.853799
2.2,6.3,132.761029
2.2,6.4,132.671022
2.2,6.5,132.583873
2.2,6.6,132.499654
2.2,6.7,132.418412
2.2,6.8,132.340172
2.2,6.9,132.264943
2.2,7,132.192716
2.2,7.1,132.123469
2.2,7.2,132.057167
2.2,7.3,131.993764
2.2,7.4,131.933205
2.2,7.5,131.875429
2.2,7.6,131.820366
2.2,7.7,131.767943
2.2,7.8,131.71808
2.2,7.9,131.670698
2.2,8,131.625712
2.2,8.1,131.583038
2.2,8.2,131.542588
2.2,8.3,131.504277
2.2,8.4,131.468018
2.2,8.5,131.433725
2.2,8.6,131.401314
2.2,8.7,131.370701
2.2,8.8,131.341805
2.2,8.9,131.314545
2.2,9,131.288844
2.2,9.1,131.264625
2.2,9.2,131.241815
2.2,9.3,131.220344
2.2,9.4,131.200142
2.2,9.5,131.181143
2.2,9.6,131.163285
2.2,9.7,131.146505
2.2,9.8,131.130745
2.2,9.9,131.115949
2.2,10,131.102065
2.3,2.4,130.72653
2.3,2.5,131.19278
2.3,2.6,131.611411
2.3,2.7,131.984922
2.3,2.8,132.315801
2.3,2.9,132.606518
2.3,3,132.859511
2.3,3.1,133.07718
2.3,3.2,133.26188
2.3,3.3,133.415912
2.3,3.4,133.541515
2.3,3.5,133.640862
2.3,3.6,133.716054
2.3,3.7,133.769115
2.3,3.8,133.801987
2.3,3.9,133.816527
2.3,4,133.814508
2.3,4.1,133.797611
2.3,4.2,133.767428
2.3,4.3,133.725462
2.3,4.4,133.673123
2.3,4.5,133.611733
2.3,4.6,133.542526
2.3,4.7,133.466646
2.3,4.8,133.385156
2.3,4.9,133.299035
2.3,5,133.20918
2.3,5.1,133.116416
2.3,5.2,133.02149
2.3,5.3,132.925082
2.3,5.4,132.827804
2.3,5.5,132.730206
2.3,5.6,132.632779
2.3,5.7,132.535957
2.3,5.8,132.440123
2.3,5.9,132.345612
2.3,6,132.252714
2.3,6.1,132.161676
2.3,6.2,132.072709
2.3,6.3,131.985989
2.3,6.4,131.901658
2.3,6.5,131.819831
2.3,6.6,131.740596
2.3,6.7,131.664019
2.3,6.8,131.590141
2.3,6.9,131.518988
2.3,7,131.450567
2.3,7.1,131.384871
2.3,7.2,131.321881
2.3,7.3,131.261564
2.3,7.4,131.20388
2.3,7.5,131.14878
2.3,7.6,131.096206
2.3,7.7,131.046098
2.3,7.8,130.998388
2.3,7.9,130.953006
2.3,8,130.909877
2.3,8.1,130.868926
2.3,8.2,130.830077
2.3,8.3,130.79325
2.3,8.4,130.758367
2.3,8.5,130.72535
2.3,8.6,130.694122
2.3,8.7,130.664605
2.3,8.8,130.636723
2.3,8.9,130.610403
2.3,9,130.585571
2.3,9.1,130.562158
2.3,9.2,130.540093
2.3,9.3,130.519311
2.3,9.4,130.499747
2.3,9.5,130.481338
2.3,9.6,130.464024
2.3,9.7,130.447748
2.3,9.8,130.432454
2.3,9.9,130.418089
2.3,10,130.404602
2.4,2.5,129.926436
2.4,2.6,130.349955
2.4,2.7,130.730262
2.4,2.8,131.069622
2.4,2.9,131.370289
2.4,3,131.634501
2.4,3.1,131.864468
2.4,3.2,132.062365
2.4,3.3,132.230328
2.4,3.4,132.370441
2.4,3.5,132.484736
2.4,3.6,132.575184
2.4,3.7,132.64369
2.4,3.8,132.69209
2.4,3.9,132.722147
2.4,4,132.735546
2.4,4.1,132.733894
2.4,4.2,132.718719
2.4,4.3,132.691466
2.4,4.4,132.653497
2.4,4.5,132.606094
2.4,4.6,132.550458
2.4,4.7,132.487707
2.4,4.8,132.418884
2.4,4.9,132.34495
2.4,5,132.266797
2.4,5.1,132.18524
2.4,5.2,132.101027
2.4,5.3,132.014839
2.4,5.4,131.927293
2.4,5.5,131.838946
2.4,5.6,131.750297
2.4,5.7,131.661793
2.4,5.8,131.57383
2.4,5.9,131.486754
2.4,6,131.400872
2.4,6.1,131.316448
2.4,6.2,131.233706
2.4,6.3,131.152839
2.4,6.4,131.074006
2.4,6.5,130.997339
2.4,6.6,130.922942
2.4,6.7,130.850896
2.4,6.8,130.781259
2.4,6.9,130.714072
2.4,7,130.649358
2.4,7.1,130.587123
2.4,7.2,130.527362
2.4,7.3,130.470058
2.4,7.4,130.415181
2.4,7.5,130.362696
2.4,7.6,130.312557
2.4,7.7,130.264715
2.4,7.8,130.219112
2.4,7.9,130.175688
2.4,8,130.134379
2.4,8.1,130.095119
2.4,8.2,130.057838
2.4,8.3,130.022468
2.4,8.4,129.988937
2.4,8.5,129.957173
2.4,8.6,129.927107
2.4,8.7,129.898667
2.4,8.8,129.871783
2.4,8.9,129.846387
2.4,9,129.822412
2.4,9.1,129.799791
2.4,9.2,129.77846
2.4,9.3,129.758357
2.4,9.4,129.739421
2.4,9.5,129.721593
2.4,9.6,129.704817
2.4,9.7,129.689038
2.4,9.8,129.674203
2.4,9.9,129.660263
2.4,10,129.647169
2.5,2.6,129.080806
2.5,2.7,129.465547
2.5,2.8,129.811073
2.5,2.9,130.119434
2.5,3,130.392675
2.5,3.1,130.632821
2.5,3.2,130.841877
2.5,3.3,131.021815
2.5,3.4,131.17457
2.5,3.5,131.302034
2.5,3.6,131.406048
2.5,3.7,131.488401
2.5,3.8,131.550821
2.5,3.9,131.594973
2.5,4,131.622456
2.5,4.1,131.634801
2.5,4.2,131.633466
2.5,4.3,131.619837
2.5,4.4,131.595226
2.5,4.5,131.56087
2.5,4.6,131.517934
2.5,4.7,131.467506
2.5,4.8,131.410604
2.5,4.9,131.348174
2.5,5,131.281089
2.5,5.1,131.210159
2.5,5.2,131.136126
2.5,5.3,131.059669
2.5,5.4,130.981406
2.5,5.5,130.901899
2.5,5.6,130.821654
2.5,5.7,130.741126
2.5,5.8,130.66072
2.5,5.9,130.580795
2.5,6,130.501671
2.5,6.1,130.423622
2.5,6.2,130.34689
2.5,6.3,130.271681
2.5,6.4,130.198169
2.5,6.5,130.1265
2.5,6.6,130.056794
2.5,6.7,129.989146
2.5,6.8,129.923629
2.5,6.9,129.860299
2.5,7,129.799191
2.5,7.1,129.740327
2.5,7.2,129.683714
2.5,7.3,129.629347
2.5,7.4,129.577211
2.5,7.5,129.52728
2.5,7.6,129.47952
2.5,7.7,129.433893
2.5,7.8,129.390351
2.5,7.9,129.348844
2.5,8,129.309318
2.5,8.1,129.271715
2.5,8.2,129.235973
2.5,8.3,129.202031
2.5,8.4,129.169826
2.5,8.5,129.139293
2.5,8.6,129.110368
2.5,8.7,129.082986
2.5,8.8,129.057084
2.5,8.9,129.032597
2.5,9,129.009463
2.5,9.1,128.987622
2.5,9.2,128.967014
2.5,9.3,128.947579
2.5,9.4,128.929262
2.5,9.5,128.912006
2.5,9.6,128.89576
2.5,9.7,128.880471
2.5,9.8,128.866089
2.5,9.9,128.852568
2.5,10,128.839861
2.6,2.7,128.198521
2.6,2.8,128.548068
2.6,2.9,128.862023
2.6,3,129.142244
2.6,3.1,129.390582
2.6,3.2,129.608875
2.6,3.3,129.798939
2.6,3.4,129.962562
2.6,3.5,130.101499
2.6,3.6,130.217465
2.6,3.7,130.312132
2.6,3.8,130.38712
2.6,3.9,130.443998
2.6,4,130.484277
2.6,4.1,130.509408
2.6,4.2,130.52078
2.6,4.3,130.519717
2.6,4.4,130.507477
2.6,4.5,130.48525
2.6,4.6,130.454162
2.6,4.7,130.415267
2.6,4.8,130.369556
2.6,4.9,130.317952
2.6,5,130.261315
2.6,5.1,130.200439
2.6,5.2,130.136059
2.6,5.3,130.068849
2.6,5.4,129.999426
2.6,5.5,129.928353
2.6,5.6,129.856139
2.6,5.7,129.783247
2.6,5.8,129.710087
2.6,5.9,129.637031
2.6,6,129.564404
2.6,6.1,129.492497
2.6,6.2,129.421561
2.6,6.3,129.351814
2.6,6.4,129.283445
2.6,6.5,129.216613
2.6,6.6,129.151451
2.6,6.7,129.088068
2.6,6.8,129.02655
2.6,6.9,128.966966
2.6,7,128.909365
2.6,7.1,128.853782
2.6,7.2,128.800235
2.6,7.3,128.748731
2.6,7.4,128.699267
2.6,7.5,128.651829
2.6,7.6,128.606393
2.6,7.7,128.56293
2.6,7.8,128.521404
2.6,7.9,128.481774
2.6,8,128.443993
2.6,8.1,128.408012
2.6,8.2,128.373778
2.6,8.3,128.341237
2.6,8.4,128.310333
2.6,8.5,128.281007
2.6,8.6,128.253203
2.6,8.7,128.22686
2.6,8.8,128.201921
2.6,8.9,128.178327
2.6,9,128.156022
2.6,9.1,128.134948
2.6,9.2,128.11505
2.6,9.3,128.096273
2.6,9.4,128.078565
2.6,9.5,128.061874
2.6,9.6,128.046149
2.6,9.7,128.031343
2.6,9.8,128.017408
2.6,9.9,128.004299
2.6,10,127.991974
2.7,2.8,127.287729
2.7,2.9,127.605331
2.7,3,127.890625
2.7,3.1,128.145296
2.7,3.2,128.371022
2.7,3.3,128.569468
2.7,3.4,128.74228
2.7,3.5,128.891081
2.7,3.6,129.01746
2.7,3.7,129.122975
2.7,3.8,129.209141
2.7,3.9,129.277428
2.7,4,129.329261
2.7,4.1,129.366009
2.7,4.2,129.38899
2.7,4.3,129.399465
2.7,4.4,129.398635
2.7,4.5,129.387642
2.7,4.6,129.367567
2.7,4.7,129.339432
2.7,4.8,129.304196
2.7,4.9,129.262757
2.7,5,129.215954
2.7,5.1,129.164567
2.7,5.2,129.10932
2.7,5.3,129.050879
2.7,5.4,128.989858
2.7,5.5,128.926816
2.7,5.6,128.862266
2.7,5.7,128.796671
2.7,5.8,128.730451
2.7,5.9,128.66398
2.7,6,128.597596
2.7,6.1,128.531595
2.7,6.2,128.46624
2.7,6.3,128.401762
2.7,6.4,128.338359
2.7,6.5,128.276203
2.7,6.6,128.215438
2.7,6.7,128.156187
2.7,6.8,128.098547
2.7,6.9,128.0426
2.7,7,127.988407
2.7,7.1,127.936013
2.7,7.2,127.885449
2.7,7.3,127.836735
2.7,7.4,127.789876
2.7,7.5,127.744869
2.7,7.6,127.701701
2.7,7.7,127.660352
2.7,7.8,127.620796
2.7,7.9,127.583
2.7,8,127.546927
2.7,8.1,127.512534
2.7,8.2,127.479777
2.7,8.3,127.448609
2.7,8.4,127.41898
2.7,8.5,127.390839
2.7,8.6,127.364133
2.7,8.7,127.338811
2.7,8.8,127.314818
2.7,8.9,127.292103
2.7,9,127.270611
2.7,9.1,127.250291
2.7,9.2,127.231092
2.7,9.3,127.212963
2.7,9.4,127.195854
2.7,9.5,127.179717
2.7,9.6,127.164507
2.7,9.7,127.150176
2.7,9.8,127.136681
2.7,9.9,127.123979
2.7,10,127.112031
2.8,2.9,126.355871
2.8,3,126.644472
2.8,3.1,126.903745
2.8,3.2,127.135216
2.8,3.3,127.340406
2.8,3.4,127.520824
2.8,3.5,127.677964
2.8,3.6,127.813296
2.8,3.7,127.928263
2.8,3.8,128.024276
2.8,3.9,128.10271
2.8,4,128.164901
2.8,4.1,128.212139
2.8,4.2,128.245668
2.8,4.3,128.266684
2.8,4.4,128.276331
2.8,4.5,128.2757
2.8,4.6,128.265828
2.8,4.7,128.247696
2.8,4.8,128.222233
2.8,4.9,128.190307
2.8,5,128.152738
2.8,5.1,128.110285
2.8,5.2,128.063659
2.8,5.3,128.013516
2.8,5.4,127.960462
2.8,5.5,127.905054
2.8,5.6,127.847802
2.8,5.7,127.789171
2.8,5.8,127.729583
2.8,5.9,127.669419
2.8,6,127.60902
2.8,6.1,127.548693
2.8,6.2,127.488708
2.8,6.3,127.429304
2.8,6.4,127.370691
2.8,6.5,127.313049
2.8,6.6,127.256536
2.8,6.7,127.201283
2.8,6.8,127.147401
2.8,6.9,127.094981
2.8,7,127.044095
2.8,7.1,126.994801
2.8,7.2,126.947139
2.8,7.3,126.901138
2.8,7.4,126.856816
2.8,7.5,126.814179
2.8,7.6,126.773224
2.8,7.7,126.733939
2.8,7.8,126.696307
2.8,7.9,126.660304
2.8,8,126.6259
2.8,8.1,126.593061
2.8,8.2,126.56175
2.8,8.3,126.531927
2.8,8.4,126.503547
2.8,8.5,126.476567
2.8,8.6,126.45094
2.8,8.7,126.426619
2.8,8.8,126.403555
2.8,8.9,126.381702
2.8,9,126.361009
2.8,9.1,126.341431
2.8,9.2,126.322918
2.8,9.3,126.305426
2.8,9.4,126.288907
2.8,9.5,126.273317
2.8,9.6,126.258611
2.8,9.7,126.244749
2.8,9.8,126.231687
2.8,9.9,126.219387
2.8,10,126.207809
2.9,3,125.409708
2.9,3.1,125.671979
2.9,3.2,125.907623
2.9,3.3,126.118025
2.9,3.4,126.304562
2.9,3.5,126.468604
2.9,3.6,126.611505
2.9,3.7,126.734597
2.9,3.8,126.83919
2.9,3.9,126.926565
2.9,4,126.997967
2.9,4.1,127.05461
2.9,4.2,127.097663
2.9,4.3,127.128257
2.9,4.4,127.147477
2.9,4.5,127.156361
2.9,4.6,127.1559
2.9,4.7,127.147035
2.9,4.8,127.130657
2.9,4.9,127.10761
2.9,5,127.078683
2.9,5.1,127.044618
2.9,5.2,127.006109
2.9,5.3,126.963799
2.9,5.4,126.918284
2.9,5.5,126.870116
2.9,5.6,126.819802
2.9,5.7,126.767803
2.9,5.8,126.714545
2.9,5.9,126.660409
2.9,6,126.605743
2.9,6.1,126.550856
2.9,6.2,126.496029
2.9,6.3,126.441506
2.9,6.4,126.387507
2.9,6.5,126.334221
2.9,6.6,126.281813
2.9,6.7,126.230426
2.9,6.8,126.180181
2.9,6.9,126.131178
2.9,7,126.0835
2.9,7.1,126.037214
2.9,7.2,125.992372
2.9,7.3,125.949011
2.9,7.4,125.907158
2.9,7.5,125.866829
2.9,7.6,125.82803
2.9,7.7,125.790759
2.9,7.8,125.755005
2.9,7.9,125.720753
2.9,8,125.687981
2.9,8.1,125.656662
2.9,8.2,125.626766
2.9,8.3,125.598258
2.9,8.4,125.571103
2.9,8.5,125.54526
2.9,8.6,125.52069
2.9,8.7,125.497351
2.9,8.8,125.475199
2.9,8.9,125.454192
2.9,9,125.434285
2.9,9.1,125.415434
2.9,9.2,125.397597
2.9,9.3,125.38073
2.9,9.4,125.364791
2.9,9.5,125.349738
2.9,9.6,125.335531
2.9,9.7,125.322129
2.9,9.8,125.309494
2.9,9.9,125.297589
2.9,10,125.286377
3,3.1,124.455352
3,3.2,124.693713
3,3.3,124.9079
3,3.4,125.099165
3,3.5,125.26876
3,3.6,125.417924
3,3.7,125.547886
3,3.8,125.659854
3,3.9,125.755017
3,4,125.834536
3,4.1,125.899542
3,4.2,125.951135
3,4.3,125.990378
3,4.4,126.018296
3,4.5,126.035874
3,4.6,126.044055
3,4.7,126.043738
3,4.8,126.035777
3,4.9,126.020984
3,5,126.000122
3,5.1,125.97391
3,5.2,125.943022
3,5.3,125.908087
3,5.4,125.86969
3,5.5,125.828374
3,5.6,125.784639
3,5.7,125.738945
3,5.8,125.691715
3,5.9,125.643332
3,6,125.594146
3,6.1,125.544471
3,6.2,125.49459
3,6.3,125.444757
3,6.4,125.395196
3,6.5,125.346105
3,6.6,125.297658
3,6.7,125.250005
3,6.8,125.203276
3,6.9,125.157581
3,7,125.113011
3,7.1,125.069644
3,7.2,125.027538
3,7.3,124.986742
3,7.4,124.947291
3,7.5,124.909209
3,7.6,124.872511
3,7.7,124.837202
3,7.8,124.80328
3,7.9,124.770738
3,8,124.739559
3,8.1,124.709725
3,8.2,124.681213
3,8.3,124.653993
3,8.4,124.628036
3,8.5,124.603308
3,8.6,124.579774
3,8.7,124.557398
3,8.8,124.53614
3,8.9,124.515963
3,9,124.496826
3,9.1,124.478691
3,9.2,124.461517
3,9.3,124.445265
3,9.4,124.429897
3,9.5,124.415372
3,9.6,124.401654
3,9.7,124.388706
3,9.8,124.376491
3,9.9,124.364975
3,10,124.354122
3.1,3.2,123.498297
3.1,3.3,123.714946
3.1,3.4,123.909644
3.1,3.5,124.083527
3.1,3.6,124.237729
3.1,3.7,124.373375
3.1,3.8,124.491578
3.1,3.9,124.593436
3.1,4,124.680026
3.1,4.1,124.752401
3.1,4.2,124.811589
3.1,4.3,124.858586
3.1,4.4,124.894358
3.1,4.5,124.919835
3.1,4.6,124.935912
3.1,4.7,124.943445
3.1,4.8,124.94325
3.1,4.9,124.936103
3.1,5,124.92274
3.1,5.1,124.903855
3.1,5.2,124.880102
3.1,5.3,124.852092
3.1,5.4,124.820397
3.1,5.5,124.78555
3.1,5.6,124.748042
3.1,5.7,124.708329
3.1,5.8,124.666829
3.1,5.9,124.623927
3.1,6,124.57997
3.1,6.1,124.535277
3.1,6.2,124.490135
3.1,6.3,124.4448
3.1,6.4,124.399502
3.1,6.5,124.354448
3.1,6.6,124.309816
3.1,6.7,124.265765
3.1,6.8,124.222432
3.1,6.9,124.179935
3.1,7,124.138374
3.1,7.1,124.097834
3.1,7.2,124.058384
3.1,7.3,124.020078
3.1,7.4,123.982961
3.1,7.5,123.947064
3.1,7.6,123.912411
3.1,7.7,123.879013
3.1,7.8,123.846878
3.1,7.9,123.816003
3.1,8,123.78638
3.1,8.1,123.757997
3.1,8.2,123.730837
3.1,8.3,123.704877
3.1,8.4,123.680092
3.1,8.5,123.656455
3.1,8.6,123.633936
3.1,8.7,123.612503
3.1,8.8,123.592122
3.1,8.9,123.57276
3.1,9,123.554379
3.1,9.1,123.536946
3.1,9.2,123.520424
3.1,9.3,123.504776
3.1,9.4,123.489968
3.1,9.5,123.475963
3.1,9.6,123.462726
3.1,9.7,123.450224
3.1,9.8,123.438422
3.1,9.9,123.427289
3.1,10,123.41679
3.2,3.3,122.543452
3.2,3.4,122.740382
3.2,3.5,122.917378
3.2,3.6,123.07547
3.2,3.7,123.215687
3.2,3.8,123.339049
3.2,3.9,123.446566
3.2,4,123.539233
3.2,4.1,123.618028
3.2,4.2,123.683905
3.2,4.3,123.737799
3.2,4.4,123.780613
3.2,4.5,123.813224
3.2,4.6,123.836476
3.2,4.7,123.851181
3.2,4.8,123.858116
3.2,4.9,123.858023
3.2,5,123.851607
3.2,5.1,123.839536
3.2,5.2,123.822441
3.2,5.3,123.800915
3.2,5.4,123.775513
3.2,5.5,123.746757
3.2,5.6,123.715128
3.2,5.7,123.681075
3.2,5.8,123.645012
3.2,5.9,123.607319
3.2,6,123.568344
3.2,6.1,123.528406
3.2,6.2,123.487794
3.2,6.3,123.446767
3.2,6.4,123.40556
3.2,6.5,123.364383
3.2,6.6,123.323422
3.2,6.7,123.282841
3.2,6.8,123.242784
3.2,6.9,123.203376
3.2,7,123.164725
3.2,7.1,123.126923
3.2,7.2,123.090045
3.2,7.3,123.054155
3.2,7.4,123.019304
3.2,7.5,122.985531
3.2,7.6,122.952866
3.2,7.7,122.92133
3.2,7.8,122.890934
3.2,7.9,122.861685
3.2,8,122.83358
3.2,8.1,122.806614
3.2,8.2,122.780774
3.2,8.3,122.756045
3.2,8.4,122.732407
3.2,8.5,122.709838
3.2,8.6,122.688313
3.2,8.7,122.667804
3.2,8.8,122.648282
3.2,8.9,122.629718
3.2,9,122.61208
3.2,9.1,122.595335
3.2,9.2,122.579452
3.2,9.3,122.564398
3.2,9.4,122.55014
3.2,9.5,122.536646
3.2,9.6,122.523883
3.2,9.7,122.511819
3.2,9.8,122.500424
3.2,9.9,122.489667
3.2,10,122.479517
3.3,3.4,121.595175
3.3,3.5,121.774193
3.3,3.6,121.935108
3.3,3.7,122.078854
3.3,3.8,122.206364
3.3,3.9,122.318562
3.3,4,122.416366
3.3,4.1,122.500677
3.3,4.2,122.572384
3.3,4.3,122.632352
3.3,4.4,122.681428
3.3,4.5,122.720434
3.3,4.6,122.750165
3.3,4.7,122.771387
3.3,4.8,122.784838
3.3,4.9,122.791223
3.3,5,122.791216
3.3,5.1,122.785457
3.3,5.2,122.774553
3.3,5.3,122.759077
3.3,5.4,122.739568
3.3,5.5,122.716532
3.3,5.6,122.690439
3.3,5.7,122.66173
3.3,5.8,122.630812
3.3,5.9,122.598061
3.3,6,122.563823
3.3,6.1,122.528415
3.3,6.2,122.492126
3.3,6.3,122.455218
3.3,6.4,122.417929
3.3,6.5,122.380472
3.3,6.6,122.343038
3.3,6.7,122.305795
3.3,6.8,122.268895
3.3,6.9,122.232468
3.3,7,122.196627
3.3,7.1,122.161472
3.3,7.2,122.127085
3.3,7.3,122.093536
3.3,7.4,122.060883
3.3,7.5,122.029172
3.3,7.6,121.99844
3.3,7.7,121.968714
3.3,7.8,121.940012
3.3,7.9,121.912346
3.3,8,121.885722
3.3,8.1,121.860137
3.3,8.2,121.835587
3.3,8.3,121.812061
3.3,8.4,121.789544
3.3,8.5,121.768019
3.3,8.6,121.747466
3.3,8.7,121.727862
3.3,8.8,121.709182
3.3,8.9,121.691401
3.3,9,121.67449
3.3,9.1,121.658421
3.3,9.2,121.643165
3.3,9.3,121.628694
3.3,9.4,121.614976
3.3,9.5,121.601984
3.3,9.6,121.589686
3.3,9.7,121.578053
3.3,9.8,121.567058
3.3,9.9,121.556671
3.3,10,121.546865
3.4,3.5,120.657304
3.4,3.6,120.820051
3.4,3.7,120.966356
3.4,3.8,121.097067
3.4,3.9,121.213029
3.4,4,121.315081
3.4,4.1,121.404055
3.4,4.2,121.48077
3.4,4.3,121.54603
3.4,4.4,121.600623
3.4,4.5,121.645316
3.4,4.6,121.680856
3.4,4.7,121.707962
3.4,4.8,121.727334
3.4,4.9,121.739638
3.4,5,121.745516
3.4,5.1,121.745581
3.4,5.2,121.740412
3.4,5.3,121.730562
3.4,5.4,121.716552
3.4,5.5,121.69887
3.4,5.6,121.677977
3.4,5.7,121.6543
3.4,5.8,121.62824
3.4,5.9,121.600167
3.4,6,121.570422
3.4,6.1,121.53932
3.4,6.2,121.50715
3.4,6.3,121.474174
3.4,6.4,121.440631
3.4,6.5,121.406737
3.4,6.6,121.372686
3.4,6.7,121.338652
3.4,6.8,121.304789
3.4,6.9,121.271233
3.4,7,121.238104
3.4,7.1,121.205506
3.4,7.2,121.173528
3.4,7.3,121.142245
3.4,7.4,121.111722
3.4,7.5,121.082012
3.4,7.6,121.053157
3.4,7.7,121.02519
3.4,7.8,120.998136
3.4,7.9,120.972012
3.4,8,120.94683
3.4,8.1,120.922593
3.4,8.2,120.899301
3.4,8.3,120.876948
3.4,8.4,120.855527
3.4,8.5,120.835023
3.4,8.6,120.815421
3.4,8.7,120.796702
3.4,8.8,120.778847
3.4,8.9,120.761831
3.4,9,120.745633
3.4,9.1,120.730227
3.4,9.2,120.715587
3.4,9.3,120.701687
3.4,9.4,120.688501
3.4,9.5,120.676
3.4,9.6,120.66416
3.4,9.7,120.652951
3.4,9.8,120.642349
3.4,9.9,120.632326
3.4,10,120.622858
3.5,3.6,119.733192
3.5,3.7,119.881157
3.5,3.8,120.014188
3.5,3.9,120.133053
3.5,4,120.238521
3.5,4.1,120.331351
3.5,4.2,120.412298
3.5,4.3,120.482105
3.5,4.4,120.541503
3.5,4.5,120.591206
3.5,4.6,120.63191
3.5,4.7,120.664293
3.5,4.8,120.689009
3.5,4.9,120.706692
3.5,5,120.717948
3.5,5.1,120.723359
3.5,5.2,120.723482
3.5,5.3,120.718845
3.5,5.4,120.709947
3.5,5.5,120.697263
3.5,5.6,120.681237
3.5,5.7,120.662287
3.5,5.8,120.640802
3.5,5.9,120.617145
3.5,6,120.591653
3.5,6.1,120.564637
3.5,6.2,120.536382
3.5,6.3,120.507152
3.5,6.4,120.477185
3.5,6.5,120.446698
3.5,6.6,120.415888
3.5,6.7,120.384932
3.5,6.8,120.353987
3.5,6.9,120.323195
3.5,7,120.292678
3.5,7.1,120.262547
3.5,7.2,120.232895
3.5,7.3,120.203805
3.5,7.4,120.175345
3.5,7.5,120.147573
3.5,7.6,120.120539
3.5,7.7,120.09428
3.5,7.8,120.068828
3.5,7.9,120.044204
3.5,8,120.020425
3.5,8.1,119.997501
3.5,8.2,119.975436
3.5,8.3,119.954229
3.5,8.4,119.933877
3.5,8.5,119.91437
3.5,8.6,119.895698
3.5,8.7,119.877845
3.5,8.8,119.860796
3.5,8.9,119.844532
3.5,9,119.829032
3.5,9.1,119.814275
3.5,9.2,119.800239
3.5,9.3,119.7869
3.5,9.4,119.774234
3.5,9.5,119.762218
3.5,9.6,119.750825
3.5,9.7,119.740034
3.5,9.8,119.729818
3.5,9.9,119.720153
3.5,10,119.711017
3.6,3.7,118.825739
3.6,3.8,118.960274
3.6,3.9,119.081243
3.6,4,119.189344
3.6,4.1,119.285273
3.6,4.2,119.36972
3.6,4.3,119.44337
3.6,4.4,119.506896
3.6,4.5,119.560961
3.6,4.6,119.606215
3.6,4.7,119.643288
3.6,4.8,119.672797
3.6,4.9,119.695335
3.6,5,119.711477
3.6,5.1,119.721775
3.6,5.2,119.726757
3.6,5.3,119.726928
3.6,5.4,119.722768
3.6,5.5,119.714731
3.6,5.6,119.703247
3.6,5.7,119.688721
3.6,5.8,119.671532
3.6,5.9,119.652035
3.6,6,119.630558
3.6,6.1,119.607409
3.6,6.2,119.58287
3.6,6.3,119.557201
3.6,6.4,119.53064
3.6,6.5,119.503406
3.6,6.6,119.475695
3.6,6.7,119.447687
3.6,6.8,119.419543
3.6,6.9,119.391405
3.6,7,119.363403
3.6,7.1,119.335649
3.6,7.2,119.308242
3.6,7.3,119.281269
3.6,7.4,119.254804
3.6,7.5,119.22891
3.6,7.6,119.20364
3.6,7.7,119.179039
3.6,7.8,119.155141
3.6,7.9,119.131976
3.6,8,119.109562
3.6,8.1,119.087916
3.6,8.2,119.067046
3.6,8.3,119.046957
3.6,8.4,119.027648
3.6,8.5,119.009115
3.6,8.6,118.991351
3.6,8.7,118.974345
3.6,8.8,118.958085
3.6,8.9,118.942555
3.6,9,118.927739
3.6,9.1,118.913619
3.6,9.2,118.900174
3.6,9.3,118.887385
3.6,9.4,118.87523
3.6,9.5,118.863688
3.6,9.6,118.852737
3.6,9.7,118.842354
3.6,9.8,118.832518
3.6,9.9,118.823205
3.6,10,118.814395
3.7,3.8,117.937428
3.7,3.9,118.05976
3.7,4,118.169768
3.7,4.1,118.268086
3.7,4.2,118.355345
3.7,4.3,118.432171
3.7,4.4,118.499185
3.7,4.5,118.556998
3.7,4.6,118.606214
3.7,4.7,118.647419
3.7,4.8,118.681188
3.7,4.9,118.70808
3.7,5,118.728633
3.7,5.1,118.74337
3.7,5.2,118.752792
3.7,5.3,118.757378
3.7,5.4,118.757588
3.7,5.5,118.753856
3.7,5.6,118.746596
3.7,5.7,118.7362
3.7,5.8,118.723033
3.7,5.9,118.707441
3.7,6,118.689746
3.7,6.1,118.670249
3.7,6.2,118.649226
3.7,6.3,118.626936
3.7,6.4,118.603614
3.7,6.5,118.579478
3.7,6.6,118.554726
3.7,6.7,118.529537
3.7,6.8,118.504074
3.7,6.9,118.478484
3.7,7,118.452898
3.7,7.1,118.427431
3.7,7.2,118.402188
3.7,7.3,118.377258
3.7,7.4,118.35272
3.7,7.5,118.328641
3.7,7.6,118.305081
3.7,7.7,118.282086
3.7,7.8,118.259697
3.7,7.9,118.237947
3.7,8,118.216861
3.7,8.1,118.196458
3.7,8.2,118.176753
3.7,8.3,118.157752
3.7,8.4,118.13946
3.7,8.5,118.121877
3.7,8.6,118.105
3.7,8.7,118.088822
3.7,8.8,118.073333
3.7,8.9,118.058522
3.7,9,118.044375
3.7,9.1,118.030878
3.7,9.2,118.018013
3.7,9.3,118.005763
3.7,9.4,117.994109
3.7,9.5,117.983033
3.7,9.6,117.972514
3.7,9.7,117.962533
3.7,9.8,117.953069
3.7,9.9,117.944103
3.7,10,117.935614
3.8,3.9,117.070354
3.8,4,117.181596
3.8,4.1,117.281643
3.8,4.2,117.371069
3.8,4.3,117.450447
3.8,4.4,117.520344
3.8,4.5,117.581324
3.8,4.6,117.633942
3.8,4.7,117.678745
3.8,4.8,117.716267
3.8,4.9,117.747029
3.8,5,117.771537
3.8,5.1,117.790282
3.8,5.2,117.803737
3.8,5.3,117.812357
3.8,5.4,117.816579
3.8,5.5,117.816819
3.8,5.6,117.813472
3.8,5.7,117.806915
3.8,5.8,117.797502
3.8,5.9,117.785567
3.8,6,117.771424
3.8,6.1,117.755365
3.8,6.2,117.737662
3.8,6.3,117.71857
3.8,6.4,117.698321
3.8,6.5,117.677131
3.8,6.6,117.655197
3.8,6.7,117.632699
3.8,6.8,117.609802
3.8,6.9,117.586652
3.8,7,117.563383
3.8,7.1,117.540115
3.8,7.2,117.516953
3.8,7.3,117.493992
3.8,7.4,117.471313
3.8,7.5,117.448989
3.8,7.6,117.427081
3.8,7.7,117.405642
3.8,7.8,117.384716
3.8,7.9,117.36434
3.8,8,117.344543
3.8,8.1,117.325349
3.8,8.2,117.306775
3.8,8.3,117.288834
3.8,8.4,117.271534
3.8,8.5,117.254878
3.8,8.6,117.238866
3.8,8.7,117.223495
3.8,8.8,117.20876
3.8,8.9,117.194652
3.8,9,117.18116
3.8,9.1,117.168272
3.8,9.2,117.155975
3.8,9.3,117.144253
3.8,9.4,117.133091
3.8,9.5,117.122471
3.8,9.6,117.112377
3.8,9.7,117.10279
3.8,9.8,117.093692
3.8,9.9,117.085066
3.8,10,117.076892
3.9,4,116.226255
3.9,4.1,116.32742
3.9,4.2,116.418413
3.9,4.3,116.499757
3.9,4.4,116.571969
3.9,4.5,116.635566
3.9,4.6,116.691059
3.9,4.7,116.738952
3.9,4.8,116.779741
3.9,4.9,116.813911
3.9,5,116.841935
3.9,5.1,116.864272
3.9,5.2,116.881368
3.9,5.3,116.893654
3.9,5.4,116.901542
3.9,5.5,116.905428
3.9,5.6,116.905691
3.9,5.7,116.902691
3.9,5.8,116.896769
3.9,5.9,116.888246
3.9,6,116.877428
3.9,6.1,116.864597
3.9,6.2,116.850022
3.9,6.3,116.833949
3.9,6.4,116.816609
3.9,6.5,116.798214
3.9,6.6,116.77896
3.9,6.7,116.759026
3.9,6.8,116.738576
3.9,6.9,116.71776
3.9,7,116.696712
3.9,7.1,116.675553
3.9,7.2,116.654391
3.9,7.3,116.633325
3.9,7.4,116.612438
3.9,7.5,116.591806
3.9,7.6,116.571495
3.9,7.7,116.55156
3.9,7.8,116.53205
3.9,7.9,116.513006
3.9,8,116.49446
3.9,8.1,116.476439
3.9,8.2,116.458966
3.9,8.3,116.442057
3.9,8.4,116.425721
3.9,8.5,116.409968
3.9,8.6,116.394801
3.9,8.7,116.380219
3.9,8.8,116.366219
3.9,8.9,116.352798
3.9,9,116.339946
3.9,9.1,116.327655
3.9,9.2,116.315913
3.9,9.3,116.304709
3.9,9.4,116.294028
3.9,9.5,116.283855
3.9,9.6,116.274177
3.9,9.7,116.264977
3.9,9.8,116.256239
3.9,9.9,116.247946
3.9,10,116.240082
4,4.1,115.406544
4,4.2,115.49855
4,4.3,115.581315
4,4.4,115.655311
4,4.5,115.721009
4,4.6,115.778878
4,4.7,115.829381
4,4.8,115.872976
4,4.9,115.910113
4,5,115.941232
4,5.1,115.966763
4,5.2,115.987123
4,5.3,116.002717
4,5.4,116.013935
4,5.5,116.021153
4,5.6,116.024731
4,5.7,116.025012
4,5.8,116.022322
4,5.9,116.016973
4,6,116.009257
4,6.1,115.99945
4,6.2,115.987811
4,6.3,115.974582
4,6.4,115.959988
4,6.5,115.944238
4,6.6,115.927526
4,6.7,115.91003
4,6.8,115.891913
4,6.9,115.873324
4,7,115.854399
4,7.1,115.835261
4,7.2,115.816019
4,7.3,115.796773
4,7.4,115.77761
4,7.5,115.75861
4,7.6,115.739839
4,7.7,115.721358
4,7.8,115.703218
4,7.9,115.685462
4,8,115.668129
4,8.1,115.651248
4,8.2,115.634843
4,8.3,115.618936
4,8.4,115.60354
4,8.5,115.588666
4,8.6,115.574321
4,8.7,115.560508
4,8.8,115.547227
4,8.9,115.534475
4,9,115.522249
4,9.1,115.510541
4,9.2,115.499343
4,9.3,115.488645
4,9.4,115.478436
4,9.5,115.468702
4,9.6,115.459432
4,9.7,115.450611
4,9.8,115.442225
4,9.9,115.43426
4,10,115.4267
4.1,4.2,114.61234
4.1,4.3,114.696021
4.1,4.4,114.771306
4.1,4.5,114.838622
4.1,4.6,114.898397
4.1,4.7,114.951056
4.1,4.8,114.997021
4.1,4.9,115.036706
4.1,5,115.07052
4.1,5.1,115.098863
4.1,5.2,115.122124
4.1,5.3,115.140684
4.1,5.4,115.154908
4.1,5.5,115.165153
4.1,5.6,115.171758
4.1,5.7,115.175051
4.1,5.8,115.175345
4.1,5.9,115.172935
4.1,6,115.168104
4.1,6.1,115.161118
4.1,6.2,115.152227
4.1,6.3,115.141668
4.1,6.4,115.12966
4.1,6.5,115.116408
4.1,6.6,115.102103
4.1,6.7,115.08692
4.1,6.8,115.07102
4.1,6.9,115.054554
4.1,7,115.037655
4.1,7.1,115.020449
4.1,7.2,115.003046
4.1,7.3,114.985546
4.1,7.4,114.968041
4.1,7.5,114.95061
4.1,7.6,114.933324
4.1,7.7,114.916245
4.1,7.8,114.899429
4.1,7.9,114.882921
4.1,8,114.866761
4.1,8.1,114.850984
4.1,8.2,114.835617
4.1,8.3,114.820683
4.1,8.4,114.8062
4.1,8.5,114.792182
4.1,8.6,114.778637
4.1,8.7,114.765573
4.1,8.8,114.752993
4.1,8.9,114.740896
4.1,9,114.729281
4.1,9.1,114.718143
4.1,9.2,114.707476
4.1,9.3,114.697273
4.1,9.4,114.687525
4.1,9.5,114.678222
4.1,9.6,114.669351
4.1,9.7,114.660902
4.1,9.8,114.652862
4.1,9.9,114.645218
4.1,10,114.637957
4.2,4.3,113.844488
4.2,4.4,113.920603
4.2,4.5,113.989088
4.2,4.6,114.050331
4.2,4.7,114.104721
4.2,4.8,114.152643
4.2,4.9,114.19448
4.2,5,114.230608
4.2,5.1,114.261398
4.2,5.2,114.287214
4.2,5.3,114.308409
4.2,5.4,114.325328
4.2,5.5,114.338304
4.2,5.6,114.34766
4.2,5.7,114.353705
4.2,5.8,114.356736
4.2,5.9,114.357038
4.2,6,114.354879
4.2,6.1,114.350516
4.2,6.2,114.344191
4.2,6.3,114.336131
4.2,6.4,114.326552
4.2,6.5,114.315652
4.2,6.6,114.303618
4.2,6.7,114.290624
4.2,6.8,114.276829
4.2,6.9,114.26238
4.2,7,114.247412
4.2,7.1,114.23205
4.2,7.2,114.216405
4.2,7.3,114.200579
4.2,7.4,114.184664
4.2,7.5,114.168741
4.2,7.6,114.152884
4.2,7.7,114.137157
4.2,7.8,114.121617
4.2,7.9,114.106314
4.2,8,114.09129
4.2,8.1,114.076582
4.2,8.2,114.062221
4.2,8.3,114.048231
4.2,8.4,114.034635
4.2,8.5,114.021448
4.2,8.6,114.008683
4.2,8.7,113.996349
4.2,8.8,113.984451
4.2,8.9,113.972992
4.2,9,113.961973
4.2,9.1,113.951392
4.2,9.2,113.941245
4.2,9.3,113.931526
4.2,9.4,113.92223
4.2,9.5,113.913346
4.2,9.6,113.904868
4.2,9.7,113.896783
4.2,9.8,113.889082
4.2,9.9,113.881753
4.2,10,113.874785
4.3,4.4,113.103596
4.3,4.5,113.172834
4.3,4.6,113.235137
4.3,4.7,113.290858
4.3,4.8,113.340351
4.3,4.9,113.383964
4.3,5,113.422046
4.3,5.1,113.454938
4.3,5.2,113.482977
4.3,5.3,113.506492
4.3,5.4,113.525806
4.3,5.5,113.54123
4.3,5.6,113.553068
4.3,5.7,113.561613
4.3,5.8,113.567146
4.3,5.9,113.569936
4.3,6,113.570242
4.3,6.1,113.568308
4.3,6.2,113.564368
4.3,6.3,113.558642
4.3,6.4,113.551335
4.3,6.5,113.542644
4.3,6.6,113.53275
4.3,6.7,113.521822
4.3,6.8,113.510018
4.3,6.9,113.497483
4.3,7,113.484352
4.3,7.1,113.470747
4.3,7.2,113.45678
4.3,7.3,113.442554
4.3,7.4,113.428162
4.3,7.5,113.413686
4.3,7.6,113.399202
4.3,7.7,113.384776
4.3,7.8,113.370467
4.3,7.9,113.356326
4.3,8,113.342399
4.3,8.1,113.328725
4.3,8.2,113.315338
4.3,8.3,113.302264
4.3,8.4,113.289528
4.3,8.5,113.277149
4.3,8.6,113.265141
4.3,8.7,113.253517
4.3,8.8,113.242284
4.3,8.9,113.231447
4.3,9,113.221009
4.3,9.1,113.210971
4.3,9.2,113.201332
4.3,9.3,113.192087
4.3,9.4,113.183231
4.3,9.5,113.17476
4.3,9.6,113.166664
4.3,9.7,113.158936
4.3,9.8,113.151568
4.3,9.9,113.144548
4.3,10,113.137867
4.4,4.5,112.390053
4.4,4.6,112.453038
4.4,4.7,112.50972
4.4,4.8,112.560421
4.4,4.9,112.60546
4.4,5,112.645155
4.4,5.1,112.679821
4.4,5.2,112.709769
4.4,5.3,112.735304
4.4,5.4,112.756725
4.4,5.5,112.774325
4.4,5.6,112.788388
4.4,5.7,112.799189
4.4,5.8,112.806993
4.4,5.9,112.812057
4.4,6,112.814626
4.4,6.1,112.814933
4.4,6.2,112.813202
4.4,6.3,112.809644
4.4,6.4,112.804459
4.4,6.5,112.797835
4.4,6.6,112.78995
4.4,6.7,112.780968
4.4,6.8,112.771044
4.4,6.9,112.760321
4.4,7,112.748931
4.4,7.1,112.736996
4.4,7.2,112.724629
4.4,7.3,112.71193
4.4,7.4,112.698994
4.4,7.5,112.685905
4.4,7.6,112.672738
4.4,7.7,112.659562
4.4,7.8,112.646436
4.4,7.9,112.633416
4.4,8,112.620548
4.4,8.1,112.607873
4.4,8.2,112.595427
4.4,8.3,112.583241
4.4,8.4,112.571339
4.4,8.5,112.559743
4.4,8.6,112.548471
4.4,8.7,112.537537
4.4,8.8,112.52695
4.4,8.9,112.516719
4.4,9,112.506848
4.4,9.1,112.49734
4.4,9.2,112.488196
4.4,9.3,112.479413
4.4,9.4,112.470989
4.4,9.5,112.46292
4.4,9.6,112.455199
4.4,9.7,112.447821
4.4,9.8,112.440778
4.4,9.9,112.434061
4.4,10,112.427662
4.5,4.6,111.704053
4.5,4.7,111.761353
4.5,4.8,111.812926
4.5,4.9,111.859062
4.5,5,111.90005
4.5,5.1,111.936181
4.5,5.2,111.96774
4.5,5.3,111.995008
4.5,5.4,112.018264
4.5,5.5,112.037779
4.5,5.6,112.053819
4.5,5.7,112.066641
4.5,5.8,112.076496
4.5,5.9,112.083625
4.5,6,112.08826
4.5,6.1,112.090625
4.5,6.2,112.090931
4.5,6.3,112.089381
4.5,6.4,112.086168
4.5,6.5,112.081474
4.5,6.6,112.075469
4.5,6.7,112.068314
4.5,6.8,112.06016
4.5,6.9,112.051148
4.5,7,112.041406
4.5,7.1,112.031056
4.5,7.2,112.020208
4.5,7.3,112.008965
4.5,7.4,111.997419
4.5,7.5,111.985655
4.5,7.6,111.97375
4.5,7.7,111.961773
4.5,7.8,111.949786
4.5,7.9,111.937844
4.5,8,111.925996
4.5,8.1,111.914285
4.5,8.2,111.902749
4.5,8.3,111.89142
4.5,8.4,111.880326
4.5,8.5,111.86949
4.5,8.6,111.858932
4.5,8.7,111.848668
4.5,8.8,111.83871
4.5,8.9,111.829068
4.5,9,111.819749
4.5,9.1,111.810758
4.5,9.2,111.802096
4.5,9.3,111.793764
4.5,9.4,111.785762
4.5,9.5,111.778086
4.5,9.6,111.770732
4.5,9.7,111.763696
4.5,9.8,111.756971
4.5,9.9,111.750551
4.5,10,111.744428
4.6,4.7,111.045621
4.6,4.8,111.097753
4.6,4.9,111.144679
4.6,5,111.186663
4.6,5.1,111.223968
4.6,5.2,111.256857
4.6,5.3,111.285588
4.6,5.4,111.310419
4.6,5.5,111.331601
4.6,5.6,111.34938
4.6,5.7,111.363999
4.6,5.8,111.375691
4.6,5.9,111.384684
4.6,6,111.391196
4.6,6.1,111.395439
4.6,6.2,111.397615
4.6,6.3,111.397918
4.6,6.4,111.396531
4.6,6.5,111.39363
4.6,6.6,111.389379
4.6,6.7,111.383935
4.6,6.8,111.377444
4.6,6.9,111.370041
4.6,7,111.361856
4.6,7.1,111.353005
4.6,7.2,111.3436
4.6,7.3,111.33374
4.6,7.4,111.323518
4.6,7.5,111.313019
4.6,7.6,111.302321
4.6,7.7,111.291493
4.6,7.8,111.280597
4.6,7.9,111.269691
4.6,8,111.258825
4.6,8.1,111.248043
4.6,8.2,111.237385
4.6,8.3,111.226884
4.6,8.4,111.216572
4.6,8.5,111.206472
4.6,8.6,111.196606
4.6,8.7,111.186992
4.6,8.8,111.177645
4.6,8.9,111.168576
4.6,9,111.159794
4.6,9.1,111.151305
4.6,9.2,111.143114
4.6,9.3,111.135222
4.6,9.4,111.127631
4.6,9.5,111.120339
4.6,9.6,111.113344
4.6,9.7,111.106642
4.6,9.8,111.100229
4.6,9.9,111.094099
4.6,10,111.088247
4.7,4.8,110.414629
4.7,4.9,110.462062
4.7,5,110.504763
4.7,5.1,110.542972
4.7,5.2,110.576926
4.7,5.3,110.606866
4.7,5.4,110.633025
4.7,5.5,110.655637
4.7,5.6,110.674931
4.7,5.7,110.691131
4.7,5.8,110.704455
4.7,5.9,110.715117
4.7,6,110.723323
4.7,6.1,110.729272
4.7,6.2,110.733156
4.7,6.3,110.735159
4.7,6.4,110.735457
4.7,6.5,110.734217
4.7,6.6,110.731597
4.7,6.7,110.727749
4.7,6.8,110.722813
4.7,6.9,110.716922
4.7,7,110.710202
4.7,7.1,110.702767
4.7,7.2,110.694726
4.7,7.3,110.686179
4.7,7.4,110.677216
4.7,7.5,110.667922
4.7,7.6,110.658376
4.7,7.7,110.648646
4.7,7.8,110.638796
4.7,7.9,110.628884
4.7,8,110.618961
4.7,8.1,110.609073
4.7,8.2,110.599261
4.7,8.3,110.58956
4.7,8.4,110.580002
4.7,8.5,110.570614
4.7,8.6,110.561418
4.7,8.7,110.552435
4.7,8.8,110.54368
4.7,8.9,110.535168
4.7,9,110.526908
4.7,9.1,110.518908
4.7,9.2,110.511175
4.7,9.3,110.503713
4.7,9.4,110.496523
4.7,9.5,110.489605
4.7,9.6,110.48296
4.7,9.7,110.476585
4.7,9.8,110.470477
4.7,9.9,110.464631
4.7,10,110.459044
4.8,4.9,109.810819
4.8,5,109.85398
4.8,5.1,109.892839
4.8,5.2,109.927613
4.8,5.3,109.958521
4.8,5.4,109.985777
4.8,5.5,110.009596
4.8,5.6,110.030189
4.8,5.7,110.047764
4.8,5.8,110.062525
4.8,5.9,110.074671
4.8,6,110.084394
4.8,6.1,110.091883
4.8,6.2,110.097318
4.8,6.3,110.100874
4.8,6.4,110.102717
4.8,6.5,110.103009
4.8,6.6,110.1019
4.8,6.7,110.099534
4.8,6.8,110.09605
4.8,6.9,110.091575
4.8,7,110.08623
4.8,7.1,110.080128
4.8,7.2,110.073376
4.8,7.3,110.066069
4.8,7.4,110.058301
4.8,7.5,110.050153
4.8,7.6,110.041704
4.8,7.7,110.033022
4.8,7.8,110.024172
4.8,7.9,110.015212
4.8,8,110.006194
4.8,8.1,109.997166
4.8,8.2,109.988167
4.8,8.3,109.979237
4.8,8.4,109.970407
4.8,8.5,109.961706
4.8,8.6,109.953159
4.8,8.7,109.944786
4.8,8.8,109.936606
4.8,8.9,109.928633
4.8,9,109.92088
4.8,9.1,109.913356
4.8,9.2,109.906069
4.8,9.3,109.899025
4.8,9.4,109.892225
4.8,9.5,109.885674
4.8,9.6,109.879371
4.8,9.7,109.873315
4.8,9.8,109.867504
4.8,9.9,109.861937
4.8,10,109.856608
4.9,5,109.23382
4.9,5.1,109.273096
4.9,5.2,109.30846
4.9,5.3,109.340111
4.9,5.4,109.368246
4.9,5.5,109.393061
4.9,5.6,109.414751
4.9,5.7,109.433507
4.9,5.8,109.449517
4.9,5.9,109.462968
4.9,6,109.47404
4.9,6.1,109.482908
4.9,6.2,109.489743
4.9,6.3,109.494709
4.9,6.4,109.497964
4.9,6.5,109.499661
4.9,6.6,109.499945
4.9,6.7,109.498953
4.9,6.8,109.496818
4.9,6.9,109.493663
4.9,7,109.489605
4.9,7.1,109.484755
4.9,7.2,109.479215
4.9,7.3,109.473081
4.9,7.4,109.466443
4.9,7.5,109.459382
4.9,7.6,109.451975
4.9,7.7,109.444292
4.9,7.8,109.436397
4.9,7.9,109.428347
4.9,8,109.420196
4.9,8.1,109.411991
4.9,8.2,109.403776
4.9,8.3,109.395587
4.9,8.4,109.387458
4.9,8.5,109.379421
4.9,8.6,109.371499
4.9,8.7,109.363717
4.9,8.8,109.356093
4.9,8.9,109.348644
4.9,9,109.341383
4.9,9.1,109.334321
4.9,9.2,109.327468
4.9,9.3,109.320829
4.9,9.4,109.314411
4.9,9.5,109.308216
4.9,9.6,109.302246
4.9,9.7,109.296501
4.9,9.8,109.290982
4.9,9.9,109.285686
4.9,10,109.280611
5,5.1,108.683161
5,5.2,108.718904
5,5.3,108.75109
5,5.4,108.779901
5,5.5,108.805514
5,5.6,108.828108
5,5.7,108.847859
5,5.8,108.864943
5,5.9,108.879529
5,6,108.891787
5,6.1,108.901881
5,6.2,108.909969
5,6.3,108.916207
5,6.4,108.920745
5,6.5,108.923725
5,6.6,108.925287
5,6.7,108.925562
5,6.8,108.924676
5,6.9,108.922749
5,7,108.919892
5,7.1,108.916213
5,7.2,108.911812
5,7.3,108.906782
5,7.4,108.90121
5,7.5,108.895177
5,7.6,108.88876
5,7.7,108.882026
5,7.8,108.875039
5,7.9,108.867859
5,8,108.860536
5,8.1,108.853121
5,8.2,108.845655
5,8.3,108.838179
5,8.4,108.830726
5,8.5,108.823327
5,8.6,108.81601
5,8.7,108.808799
5,8.8,108.801713
5,8.9,108.79477
5,9,108.787986
5,9.1,108.781373
5,9.2,108.77494
5,9.3,108.768697
5,9.4,108.762649
5,9.5,108.756801
5,9.6,108.751155
5,9.7,108.745715
5,9.8,108.740479
5,9.9,108.735449
5,10,108.730621
5.1,5.2,108.158291
5.1,5.3,108.19082
5.1,5.4,108.220117
5.1,5.5,108.246343
5.1,5.6,108.269662
5.1,5.7,108.290235
5.1,5.8,108.308223
5.1,5.9,108.323784
5.1,6,108.337074
5.1,6.1,108.348245
5.1,6.2,108.357448
5.1,6.3,108.364825
5.1,6.4,108.370519
5.1,6.5,108.374666
5.1,6.6,108.377395
5.1,6.7,108.378832
5.1,6.8,108.379098
5.1,6.9,108.378307
5.1,7,108.376567
5.1,7.1,108.37398
5.1,7.2,108.370644
5.1,7.3,108.36665
5.1,7.4,108.362082
5.1,7.5,108.357021
5.1,7.6,108.351539
5.1,7.7,108.345706
5.1,7.8,108.339583
5.1,7.9,108.33323
5.1,8,108.326699
5.1,8.1,108.320038
5.1,8.2,108.313291
5.1,8.3,108.306498
5.1,8.4,108.299694
5.1,8.5,108.29291
5.1,8.6,108.286175
5.1,8.7,108.279514
5.1,8.8,108.272948
5.1,8.9,108.266496
5.1,9,108.260173
5.1,9.1,108.253994
5.1,9.2,108.24797
5.1,9.3,108.242111
5.1,9.4,108.236423
5.1,9.5,108.230912
5.1,9.6,108.225583
5.1,9.7,108.220439
5.1,9.8,108.215481
5.1,9.9,108.210709
5.1,10,108.206123
5.2,5.3,107.658588
5.2,5.4,107.688195
5.2,5.5,107.714862
5.2,5.6,107.738738
5.2,5.7,107.759969
5.2,5.8,107.778704
5.2,5.9,107.795087
5.2,6,107.809262
5.2,6.1,107.821371
5.2,6.2,107.831554
5.2,6.3,107.839944
5.2,6.4,107.846674
5.2,6.5,107.851872
5.2,6.6,107.855661
5.2,6.7,107.85816
5.2,6.8,107.859483
5.2,6.9,107.859739
5.2,7,107.859032
5.2,7.1,107.857461
5.2,7.2,107.855119
5.2,7.3,107.852095
5.2,7.4,107.84847
5.2,7.5,107.844322
5.2,7.6,107.839724
5.2,7.7,107.834742
5.2,7.8,107.829439
5.2,7.9,107.823873
5.2,8,107.818095
5.2,8.1,107.812154
5.2,8.2,107.806094
5.2,8.3,107.799956
5.2,8.4,107.793774
5.2,8.5,107.787581
5.2,8.6,107.781407
5.2,8.7,107.775276
5.2,8.8,107.769211
5.2,8.9,107.763232
5.2,9,107.757356
5.2,9.1,107.751598
5.2,9.2,107.74597
5.2,9.3,107.740483
5.2,9.4,107.735145
5.2,9.5,107.729962
5.2,9.6,107.724941
5.2,9.7,107.720085
5.2,9.8,107.715397
5.2,9.9,107.710878
5.2,10,107.706528
5.3,5.4,107.183375
5.3,5.5,107.210324
5.3,5.6,107.2346
5.3,5.7,107.256337
5.3,5.8,107.275669
5.3,5.9,107.29273
5.3,6,107.307652
5.3,6.1,107.320566
5.3,6.2,107.331601
5.3,6.3,107.340882
5.3,6.4,107.348532
5.3,6.5,107.354672
5.3,6.6,107.359417
5.3,6.7,107.36288
5.3,6.8,107.365168
5.3,6.9,107.366386
5.3,7,107.366632
5.3,7.1,107.366001
5.3,7.2,107.364583
5.3,7.3,107.362463
5.3,7.4,107.35972
5.3,7.5,107.35643
5.3,7.6,107.352663
5.3,7.7,107.348486
5.3,7.8,107.343958
5.3,7.9,107.339138
5.3,8,107.334076
5.3,8.1,107.328821
5.3,8.2,107.323417
5.3,8.3,107.317904
5.3,8.4,107.312318
5.3,8.5,107.306693
5.3,8.6,107.301056
5.3,8.7,107.295436
5.3,8.8,107.289854
5.3,8.9,107.284332
5.3,9,107.278887
5.3,9.1,107.273536
5.3,9.2,107.268292
5.3,9.3,107.263166
5.3,9.4,107.258167
5.3,9.5,107.253303
5.3,9.6,107.248581
5.3,9.7,107.244006
5.3,9.8,107.23958
5.3,9.9,107.235307
5.3,10,107.231188
5.4,5.5,106.731929
5.4,5.6,106.75646
5.4,5.7,106.778561
5.4,5.8,106.798352
5.4,5.9,106.815956
5.4,6,106.831495
5.4,6.1,106.845087
5.4,6.2,106.856853
5.4,6.3,106.866908
5.4,6.4,106.875369
5.4,6.5,106.882345
5.4,6.6,106.887946
5.4,6.7,106.892278
5.4,6.8,106.895443
5.4,6.9,106.897539
5.4,7,106.898659
5.4,7.1,106.898895
5.4,7.2,106.898333
5.4,7.3,106.897053
5.4,7.4,106.895133
5.4,7.5,106.892645
5.4,7.6,106.889659
5.4,7.7,106.886239
5.4,7.8,106.882443
5.4,7.9,106.878328
5.4,8,106.873946
5.4,8.1,106.869343
5.4,8.2,106.864564
5.4,8.3,106.859648
5.4,8.4,106.854632
5.4,8.5,106.849549
5.4,8.6,106.844429
5.4,8.7,106.839298
5.4,8.8,106.834181
5.4,8.9,106.8291
5.4,9,106.824071
5.4,9.1,106.819113
5.4,9.2,106.81424
5.4,9.3,106.809463
5.4,9.4,106.804793
5.4,9.5,106.800239
5.4,9.6,106.795807
5.4,9.7,106.791505
5.4,9.8,106.787335
5.4,9.9,106.783302
5.4,10,106.779407
5.5,5.6,106.303492
5.5,5.7,106.325824
5.5,5.8,106.345946
5.5,5.9,106.363967
5.5,6,106.379998
5.5,6.1,106.394151
5.5,6.2,106.406533
5.5,6.3,106.417253
5.5,6.4,106.426417
5.5,6.5,106.43413
5.5,6.6,106.440492
5.5,6.7,106.445602
5.5,6.8,106.449558
5.5,6.9,106.45245
5.5,7,106.454369
5.5,7.1,106.455401
5.5,7.2,106.455627
5.5,7.3,106.455125
5.5,7.4,106.453969
5.5,7.5,106.452231
5.5,7.6,106.449975
5.5,7.7,106.447265
5.5,7.8,106.444158
5.5,7.9,106.44071
5.5,8,106.43697
5.5,8.1,106.432985
5.5,8.2,106.428799
5.5,8.3,106.424452
5.5,8.4,106.41998
5.5,8.5,106.415416
5.5,8.6,106.41079
5.5,8.7,106.40613
5.5,8.8,106.40146
5.5,8.9,106.396802
5.5,9,106.392174
5.5,9.1,106.387596
5.5,9.2,106.38308
5.5,9.3,106.378641
5.5,9.4,106.37429
5.5,9.5,106.370036
5.5,9.6,106.365886
5.5,9.7,106.361848
5.5,9.8,106.357928
5.5,9.9,106.354127
5.5,10,106.350451
5.6,5.7,105.897279
5.6,5.8,105.917611
5.6,5.9,105.935932
5.6,6,105.952342
5.6,6.1,105.966943
5.6,6.2,105.979834
5.6,6.3,105.991114
5.6,6.4,106.000883
5.6,6.5,106.009235
5.6,6.6,106.016266
5.6,6.7,106.022069
5.6,6.8,106.026732
5.6,6.9,106.030343
5.6,7,106.032987
5.6,7.1,106.034745
5.6,7.2,106.035694
5.6,7.3,106.03591
5.6,7.4,106.035462
5.6,7.5,106.03442
5.6,7.6,106.032845
5.6,7.7,106.0308
5.6,7.8,106.02834
5.6,7.9,106.025518
5.6,8,106.022384
5.6,8.1,106.018985
5.6,8.2,106.015362
5.6,8.3,106.011555
5.6,8.4,106.007601
5.6,8.5,106.003532
5.6,8.6,105.999379
5.6,8.7,105.995169
5.6,8.8,105.990927
5.6,8.9,105.986676
5.6,9,105.982435
5.6,9.1,105.978221
5.6,9.2,105.974051
5.6,9.3,105.969939
5.6,9.4,105.965895
5.6,9.5,105.961931
5.6,9.6,105.958055
5.6,9.7,105.954275
5.6,9.8,105.950595
5.6,9.9,105.947022
5.6,10,105.943558
5.7,5.8,105.512488
5.7,5.9,105.531
5.7,6,105.547683
5.7,6.1,105.562627
5.7,6.2,105.575926
5.7,6.3,105.587669
5.7,6.4,105.597946
5.7,6.5,105.606848
5.7,6.6,105.614461
5.7,6.7,105.620872
5.7,6.8,105.626164
5.7,6.9,105.630419
5.7,7,105.633717
5.7,7.1,105.636134
5.7,7.2,105.637744
5.7,7.3,105.638617
5.7,7.4,105.638823
5.7,7.5,105.638424
5.7,7.6,105.637483
5.7,7.7,105.636057
5.7,7.8,105.634202
5.7,7.9,105.631969
5.7,8,105.629406
5.7,8.1,105.626558
5.7,8.2,105.623468
5.7,8.3,105.620174
5.7,8.4,105.616712
5.7,8.5,105.613115
5.7,8.6,105.609412
5.7,8.7,105.605633
5.7,8.8,105.601801
5.7,8.9,105.59794
5.7,9,105.59407
5.7,9.1,105.590208
5.7,9.2,105.586371
5.7,9.3,105.582573
5.7,9.4,105.578827
5.7,9.5,105.575144
5.7,9.6,105.571533
5.7,9.7,105.568001
5.7,9.8,105.564556
5.7,9.9,105.561203
5.7,10,105.557946
5.8,5.9,105.148305
5.8,6,105.165161
5.8,6.1,105.180353
5.8,6.2,105.193964
5.8,6.3,105.206077
5.8,6.4,105.216775
5.8,6.5,105.226139
5.8,6.6,105.234252
5.8,6.7,105.241191
5.8,6.8,105.247037
5.8,6.9,105.251864
5.8,7,105.255747
5.8,7.1,105.258759
5.8,7.2,105.260968
5.8,7.3,105.262443
5.8,7.4,105.263247
5.8,7.5,105.263442
5.8,7.6,105.263087
5.8,7.7,105.262237
5.8,7.8,105.260947
5.8,7.9,105.259264
5.8,8,105.257237
5.8,8.1,105.254909
5.8,8.2,105.252321
5.8,8.3,105.249512
5.8,8.4,105.246516
5.8,8.5,105.243367
5.8,8.6,105.240095
5.8,8.7,105.236726
5.8,8.8,105.233287
5.8,8.9,105.229799
5.8,9,105.226284
5.8,9.1,105.22276
5.8,9.2,105.219243
5.8,9.3,105.215749
5.8,9.4,105.21229
5.8,9.5,105.208878
5.8,9.6,105.205523
5.8,9.7,105.202232
5.8,9.8,105.199014
5.8,9.9,105.195875
5.8,10,105.192819
5.9,6,104.803911
5.9,6.1,104.81926
5.9,6.2,104.833096
5.9,6.3,104.845493
5.9,6.4,104.856527
5.9,6.5,104.866273
5.9,6.6,104.874806
5.9,6.7,104.8822
5.9,6.8,104.888526
5.9,6.9,104.893857
5.9,7,104.89826
5.9,7.1,104.901804
5.9,7.2,104.904554
5.9,7.3,104.906574
5.9,7.4,104.907925
5.9,7.5,104.908665
5.9,7.6,104.90885
5.9,7.7,104.908534
5.9,7.8,104.907768
5.9,7.9,104.906599
5.9,8,104.905073
5.9,8.1,104.903232
5.9,8.2,104.901118
5.9,8.3,104.898766
5.9,8.4,104.896212
5.9,8.5,104.893488
5.9,8.6,104.890623
5.9,8.7,104.887646
5.9,8.8,104.88458
5.9,8.9,104.88145
5.9,9,104.878275
5.9,9.1,104.875075
5.9,9.2,104.871866
5.9,9.3,104.868664
5.9,9.4,104.865482
5.9,9.5,104.862331
5.9,9.6,104.859223
5.9,9.7,104.856166
5.9,9.8,104.853168
5.9,9.9,104.850235
5.9,10,104.847374
6,6.1,104.478487
6,6.2,104.492465
6,6.3,104.505066
6,6.4,104.516358
6,6.5,104.52641
6,6.6,104.535291
6,6.7,104.543067
6,6.8,104.549806
6,6.9,104.555573
6,7,104.560434
6,7.1,104.564451
6,7.2,104.567686
6,7.3,104.570198
6,7.4,104.572045
6,7.5,104.573282
6,7.6,104.573963
6,7.7,104.574139
6,7.8,104.573857
6,7.9,104.573166
6,8,104.572107
6,8.1,104.570723
6,8.2,104.569052
6,8.3,104.567131
6,8.4,104.564994
6,8.5,104.562672
6,8.6,104.560194
6,8.7,104.557588
6,8.8,104.554879
6,8.9,104.55209
6,9,104.54924
6,9.1,104.54635
6,9.2,104.543437
6,9.3,104.540515
6,9.4,104.537599
6,9.5,104.5347
6,9.6,104.53183
6,9.7,104.528998
6,9.8,104.526213
6,9.9,104.523481
6,10,104.520808
6.1,6.2,104.171219
6.1,6.3,104.18395
6.1,6.4,104.195427
6.1,6.5,104.205714
6.1,6.6,104.214872
6.1,6.7,104.222964
6.1,6.8,104.230051
6.1,6.9,104.236193
6.1,7,104.241452
6.1,7.1,104.245885
6.1,7.2,104.24955
6.1,7.3,104.252503
6.1,7.4,104.254797
6.1,7.5,104.256486
6.1,7.6,104.257619
6.1,7.7,104.258246
6.1,7.8,104.258412
6.1,7.9,104.258162
6.1,8,104.257538
6.1,8.1,104.256579
6.1,8.2,104.255323
6.1,8.3,104.253806
6.1,8.4,104.252061
6.1,8.5,104.250118
6.1,8.6,104.248007
6.1,8.7,104.245754
6.1,8.8,104.243383
6.1,8.9,104.240918
6.1,9,104.238379
6.1,9.1,104.235786
6.1,9.2,104.233155
6.1,9.3,104.230502
6.1,9.4,104.227841
6.1,9.5,104.225185
6.1,9.6,104.222545
6.1,9.7,104.21993
6.1,9.8,104.21735
6.1,9.9,104.214812
6.1,10,104.212322
6.2,6.3,103.881303
6.2,6.4,103.892898
6.2,6.5,103.903353
6.2,6.6,103.912725
6.2,6.7,103.921069
6.2,6.8,103.928443
6.2,6.9,103.934902
6.2,7,103.940502
6.2,7.1,103.945296
6.2,7.2,103.94934
6.2,7.3,103.952684
6.2,7.4,103.955379
6.2,7.5,103.957475
6.2,7.6,103.959019
6.2,7.7,103.960057
6.2,7.8,103.960634
6.2,7.9,103.960791
6.2,8,103.960569
6.2,8.1,103.960005
6.2,8.2,103.959137
6.2,8.3,103.957998
6.2,8.4,103.956621
6.2,8.5,103.955035
6.2,8.6,103.953269
6.2,8.7,103.95135
6.2,8.8,103.9493
6.2,8.9,103.947143
6.2,9,103.9449
6.2,9.1,103.942589
6.2,9.2,103.940229
6.2,9.3,103.937833
6.2,9.4,103.935417
6.2,9.5,103.932994
6.2,9.6,103.930575
6.2,9.7,103.92817
6.2,9.8,103.925788
6.2,9.9,103.923437
6.2,10,103.921124
6.3,6.4,103.607947
6.3,6.5,103.618509
6.3,6.6,103.628033
6.3,6.7,103.636571
6.3,6.8,103.644175
6.3,6.9,103.650895
6.3,7,103.656782
6.3,7.1,103.661887
6.3,7.2,103.66626
6.3,7.3,103.669948
6.3,7.4,103.672999
6.3,7.5,103.675459
6.3,7.6,103.677374
6.3,7.7,103.678786
6.3,7.8,103.679737
6.3,7.9,103.680268
6.3,8,103.680416
6.3,8.1,103.680219
6.3,8.2,103.679711
6.3,8.3,103.678924
6.3,8.4,103.677891
6.3,8.5,103.67664
6.3,8.6,103.6752
6.3,8.7,103.673594
6.3,8.8,103.671849
6.3,8.9,103.669984
6.3,9,103.668022
6.3,9.1,103.665981
6.3,9.2,103.663877
6.3,9.3,103.661728
6.3,9.4,103.659547
6.3,9.5,103.657347
6.3,9.6,103.65514
6.3,9.7,103.652936
6.3,9.8,103.650745
6.3,9.9,103.648575
6.3,10,103.646433
6.4,6.5,103.350374
6.4,6.6,103.359996
6.4,6.7,103.368673
6.4,6.8,103.376453
6.4,6.9,103.383381
6.4,7,103.389506
6.4,7.1,103.394873
6.4,7.2,103.399527
6.4,7.3,103.403515
6.4,7.4,103.406879
6.4,7.5,103.409663
6.4,7.6,103.41191
6.4,7.7,103.413659
6.4,7.8,103.41495
6.4,7.9,103.415822
6.4,8,103.41631
6.4,8.1,103.41645
6.4,8.2,103.416275
6.4,8.3,103.415816
6.4,8.4,103.415104
6.4,8.5,103.414167
6.4,8.6,103.413031
6.4,8.7,103.411722
6.4,8.8,103.410262
6.4,8.9,103.408675
6.4,9,103.406979
6.4,9.1,103.405193
6.4,9.2,103.403335
6.4,9.3,103.401421
6.4,9.4,103.399464
6.4,9.5,103.397478
6.4,9.6,103.395474
6.4,9.7,103.393464
6.4,9.8,103.391456
6.4,9.9,103.38946
6.4,10,103.387483
6.5,6.6,103.107826
6.5,6.7,103.116592
6.5,6.8,103.124498
6.5,6.9,103.131587
6.5,7,103.137901
6.5,7.1,103.143484
6.5,7.2,103.148376
6.5,7.3,103.15262
6.5,7.4,103.156257
6.5,7.5,103.159326
6.5,7.6,103.161867
6.5,7.7,103.163918
6.5,7.8,103.165516
6.5,7.9,103.166697
6.5,8,103.167496
6.5,8.1,103.167945
6.5,8.2,103.168077
6.5,8.3,103.167921
6.5,8.4,103.167508
6.5,8.5,103.166863
6.5,8.6,103.166012
6.5,8.7,103.164981
6.5,8.8,103.163791
6.5,8.9,103.162464
6.5,9,103.16102
6.5,9.1,103.159478
6.5,9.2,103.157853
6.5,9.3,103.156162
6.5,9.4,103.154419
6.5,9.5,103.152637
6.5,9.6,103.150828
6.5,9.7,103.149004
6.5,9.8,103.147172
6.5,9.9,103.145343
6.5,10,103.143525
6.6,6.7,102.879564
6.6,6.8,102.887551
6.6,6.9,102.894755
6.6,7,102.901215
6.6,7.1,102.90697
6.6,7.2,102.912059
6.6,7.3,102.916519
6.6,7.4,102.920389
6.6,7.5,102.923706
6.6,7.6,102.926506
6.6,7.7,102.928825
6.6,7.8,102.930698
6.6,7.9,102.932158
6.6,8,102.933238
6.6,8.1,102.93397
6.6,8.2,102.934384
6.6,8.3,102.934508
6.6,8.4,102.93437
6.6,8.5,102.933996
6.6,8.6,102.933412
6.6,8.7,102.932641
6.6,8.8,102.931704
6.6,8.9,102.930623
6.6,9,102.929417
6.6,9.1,102.928103
6.6,9.2,102.9267
6.6,9.3,102.925221
6.6,9.4,102.923682
6.6,9.5,102.922095
6.6,9.6,102.920472
6.6,9.7,102.918825
6.6,9.8,102.917163
6.6,9.9,102.915495
6.6,10,102.913829
6.7,6.8,102.664871
6.7,6.9,102.672148
6.7,7,102.678713
6.7,7.1,102.684601
6.7,7.2,102.689846
6.7,7.3,102.694485
6.7,7.4,102.698552
6.7,7.5,102.702081
6.7,7.6,102.705107
6.7,7.7,102.707662
6.7,7.8,102.709778
6.7,7.9,102.711489
6.7,8,102.712823
6.7,8.1,102.713811
6.7,8.2,102.714482
6.7,8.3,102.714862
6.7,8.4,102.714979
6.7,8.5,102.714856
6.7,8.6,102.71452
6.7,8.7,102.71399
6.7,8.8,102.71329
6.7,8.9,102.71244
6.7,9,102.711457
6.7,9.1,102.71036
6.7,9.2,102.709166
6.7,9.3,102.707888
6.7,9.4,102.706543
6.7,9.5,102.705141
6.7,9.6,102.703697
6.7,9.7,102.702219
6.7,9.8,102.700719
6.7,9.9,102.699205
6.7,10,102.697685
6.8,6.9,102.463052
6.8,7,102.469683
6.8,7.1,102.475666
6.8,7.2,102.481032
6.8,7.3,102.485814
6.8,7.4,102.490043
6.8,7.5,102.493751
6.8,7.6,102.49697
6.8,7.7,102.49973
6.8,7.8,102.502061
6.8,7.9,102.503993
6.8,8,102.505555
6.8,8.1,102.506775
6.8,8.2,102.507678
6.8,8.3,102.508293
6.8,8.4,102.508643
6.8,8.5,102.508753
6.8,8.6,102.508644
6.8,8.7,102.50834
6.8,8.8,102.507861
6.8,8.9,102.507226
6.8,9,102.506453
6.8,9.1,102.50556
6.8,9.2,102.504563
6.8,9.3,102.503476
6.8,9.4,102.502314
6.8,9.5,102.501089
6.8,9.6,102.499814
6.8,9.7,102.498498
6.8,9.8,102.497153
6.8,9.9,102.495786
6.8,10,102.494407
6.9,7,102.273436
6.9,7.1,102.279479
6.9,7.2,102.284931
6.9,7.3,102.289823
6.9,7.4,102.294182
6.9,7.5,102.298038
6.9,7.6,102.30142
6.9,7.7,102.304355
6.9,7.8,102.306873
6.9,7.9,102.309001
6.9,8,102.310765
6.9,8.1,102.312191
6.9,8.2,102.313305
6.9,8.3,102.314132
6.9,8.4,102.314695
6.9,8.5,102.315017
6.9,8.6,102.31512
6.9,8.7,102.315025
6.9,8.8,102.31475
6.9,8.9,102.314316
6.9,9,102.31374
6.9,9.1,102.313038
6.9,9.2,102.312226
6.9,9.3,102.311319
6.9,9.4,102.31033
6.9,9.5,102.309273
6.9,9.6,102.308158
6.9,9.7,102.306997
6.9,9.8,102.305799
6.9,9.9,102.304573
6.9,10,102.303329
7,7.1,102.095375
7,7.2,102.100883
7,7.3,102.105853
7,7.4,102.110312
7,7.5,102.114286
7,7.6,102.117802
7,7.7,102.120886
7,7.8,102.123564
7,7.9,102.125861
7,8,102.127803
7,8.1,102.129413
7,8.2,102.130716
7,8.3,102.131734
7,8.4,102.132491
7,8.5,102.133007
7,8.6,102.133303
7,8.7,102.1334
7,8.8,102.133315
7,8.9,102.133068
7,9,102.132674
7,9.1,102.132151
7,9.2,102.131514
7,9.3,102.130776
7,9.4,102.129951
7,9.5,102.129051
7,9.6,102.128089
7,9.7,102.127074
7,9.8,102.126017
7,9.9,102.124926
7,10,102.12381
7.1,7.2,101.928248
7.1,7.3,101.933268
7.1,7.4,101.937799
7.1,7.5,101.941864
7.1,7.6,101.945487
7.1,7.7,101.948694
7.1,7.8,101.951506
7.1,7.9,101.953949
7.1,8,101.956045
7.1,8.1,101.957817
7.1,8.2,101.959287
7.1,8.3,101.960477
7.1,8.4,101.961408
7.1,8.5,101.9621
7.1,8.6,101.962573
7.1,8.7,101.962846
7.1,8.8,101.962937
7.1,8.9,101.962862
7.1,9,101.962639
7.1,9.1,101.962282
7.1,9.2,101.961808
7.1,9.3,101.961229
7.1,9.4,101.960558
7.1,9.5,101.959807
7.1,9.6,101.958989
7.1,9.7,101.958113
7.1,9.8,101.957189
7.1,9.9,101.956226
7.1,10,101.955233
7.2,7.3,101.771457
7.2,7.4,101.776033
7.2,7.5,101.780163
7.2,7.6,101.78387
7.2,7.7,101.787174
7.2,7.8,101.790098
7.2,7.9,101.792663
7.2,8,101.794892
7.2,8.1,101.796805
7.2,8.2,101.798422
7.2,8.3,101.799764
7.2,8.4,101.800851
7.2,8.5,101.801702
7.2,8.6,101.802336
7.2,8.7,101.802769
7.2,8.8,101.80302
7.2,8.9,101.803105
7.2,9,101.803039
7.2,9.1,101.802838
7.2,9.2,101.802515
7.2,9.3,101.802084
7.2,9.4,101.801558
7.2,9.5,101.800948
7.2,9.6,101.800265
7.2,9.7,101.799521
7.2,9.8,101.798723
7.2,9.9,101.797882
7.2,10,101.797006
7.3,7.4,101.62443
7.3,7.5,101.628601
7.3,7.6,101.632367
7.3,7.7,101.635746
7.3,7.8,101.638759
7.3,7.9,101.641426
7.3,8,101.643766
7.3,8.1,101.6458
7.3,8.2,101.647545
7.3,8.3,101.649021
7.3,8.4,101.650247
7.3,8.5,101.65124
7.3,8.6,101.652018
7.3,8.7,101.652598
7.3,8.8,101.652995
7.3,8.9,101.653226
7.3,9,101.653305
7.3,9.1,101.653247
7.3,9.2,101.653066
7.3,9.3,101.652773
7.3,9.4,101.652382
7.3,9.5,101.651904
7.3,9.6,101.65135
7.3,9.7,101.650729
7.3,9.8,101.650051
7.3,9.9,101.649325
7.3,10,101.648559
7.4,7.5,101.486618
7.4,7.6,101.490421
7.4,7.7,101.493854
7.4,7.8,101.496936
7.4,7.9,101.499684
7.4,8,101.502116
7.4,8.1,101.504251
7.4,8.2,101.506106
7.4,8.3,101.507699
7.4,8.4,101.509047
7.4,8.5,101.510166
7.4,8.6,101.511074
7.4,8.7,101.511785
7.4,8.8,101.512315
7.4,8.9,101.51268
7.4,9,101.512892
7.4,9.1,101.512966
7.4,9.2,101.512915
7.4,9.3,101.512751
7.4,9.4,101.512486
7.4,9.5,101.512131
7.4,9.6,101.511697
7.4,9.7,101.511193
7.4,9.8,101.510628
7.4,9.9,101.510011
7.4,10,101.509351
7.5,7.6,101.357498
7.5,7.7,101.360965
7.5,7.8,101.364096
7.5,7.9,101.366906
7.5,8,101.369412
7.5,8.1,101.371631
7.5,8.2,101.373579
7.5,8.3,101.375272
7.5,8.4,101.376726
7.5,8.5,101.377956
7.5,8.6,101.378979
7.5,8.7,101.379808
7.5,8.8,101.380458
7.5,8.9,101.380943
7.5,9,101.381277
7.5,9.1,101.381473
7.5,9.2,101.381542
7.5,9.3,101.381497
7.5,9.4,101.381349
7.5,9.5,101.381109
7.5,9.6,101.380787
7.5,9.7,101.380392
7.5,9.8,101.379934
7.5,9.9,101.37942
7.5,10,101.378859
7.6,7.7,101.236571
7.6,7.8,101.239732
7.6,7.9,101.242587
7.6,8,101.24515
7.6,8.1,101.247436
7.6,8.2,101.24946
7.6,8.3,101.251237
7.6,8.4,101.252782
7.6,8.5,101.25411
7.6,8.6,101.255233
7.6,8.7,101.256167
7.6,8.8,101.256924
7.6,8.9,101.257519
7.6,9,101.257963
7.6,9.1,101.258269
7.6,9.2,101.258449
7.6,9.3,101.258514
7.6,9.4,101.258474
7.6,9.5,101.258341
7.6,9.6,101.258123
7.6,9.7,101.257831
7.6,9.8,101.257472
7.6,9.9,101.257055
7.6,10,101.256588
7.7,7.8,101.12336
7.7,7.9,101.126243
7.7,8,101.128847
7.7,8.1,101.131184
7.7,8.2,101.13327
7.7,8.3,101.135116
7.7,8.4,101.136738
7.7,8.5,101.138148
7.7,8.6,101.13936
7.7,8.7,101.140385
7.7,8.8,101.141238
7.7,8.9,101.141931
7.7,9,101.142474
7.7,9.1,101.142881
7.7,9.2,101.143161
7.7,9.3,101.143327
7.7,9.4,101.143387
7.7,9.5,101.143353
7.7,9.6,101.143233
7.7,9.7,101.143035
7.7,9.8,101.14277
7.7,9.9,101.142444
7.7,10,101.142065
7.8,7.9,101.017413
7.8,8,101.020043
7.8,8.1,101.022417
7.8,8.2,101.02455
7.8,8.3,101.026452
7.8,8.4,101.028137
7.8,8.5,101.029617
7.8,8.6,101.030904
7.8,8.7,101.03201
7.8,8.8,101.032947
7.8,8.9,101.033726
7.8,9,101.034358
7.8,9.1,101.034856
7.8,9.2,101.035228
7.8,9.3,101.035485
7.8,9.4,101.035637
7.8,9.5,101.035694
7.8,9.6,101.035663
7.8,9.7,101.035555
7.8,9.8,101.035376
7.8,9.9,101.035135
7.8,10,101.034839
7.9,8,100.918301
7.9,8.1,100.920699
7.9,8.2,100.922865
7.9,8.3,100.92481
7.9,8.4,100.926545
7.9,8.5,100.928083
7.9,8.6,100.929434
7.9,8.7,100.930608
7.9,8.8,100.931618
7.9,8.9,100.932474
7.9,9,100.933185
7.9,9.1,100.933764
7.9,9.2,100.934218
7.9,9.3,100.934559
7.9,9.4,100.934795
7.9,9.5,100.934935
7.9,9.6,100.934987
7.9,9.7,100.934961
7.9,9.8,100.934863
7.9,9.9,100.934701
7.9,10,100.934482
8,8.1,100.825613
8,8.2,100.8278
8,8.3,100.829776
8,8.4,100.831551
8,8.5,100.833134
8,8.6,100.834537
8,8.7,100.83577
8,8.8,100.836842
8,8.9,100.837764
8,9,100.838546
8,9.1,100.839196
8,9.2,100.839725
8,9.3,100.84014
8,9.4,100.840452
8,9.5,100.840668
8,9.6,100.840797
8,9.7,100.840846
8,9.8,100.840823
8,9.9,100.840735
8,10,100.840589
8.1,8.2,100.738963
8.1,8.3,100.740958
8.1,8.4,100.742761
8.1,8.5,100.74438
8.1,8.6,100.745825
8.1,8.7,100.747105
8.1,8.8,100.748231
8.1,8.9,100.74921
8.1,9,100.750051
8.1,9.1,100.750765
8.1,9.2,100.751359
8.1,9.3,100.751842
8.1,9.4,100.752223
8.1,9.5,100.752508
8.1,9.6,100.752707
8.1,9.7,100.752825
8.1,9.8,100.752871
8.1,9.9,100.752851
8.1,10,100.752771
8.2,8.3,100.657984
8.2,8.4,100.659804
8.2,8.5,100.661449
8.2,8.6,100.662926
8.2,8.7,100.664245
8.2,8.8,100.665413
8.2,8.9,100.66644
8.2,9,100.667334
8.2,9.1,100.668103
8.2,9.2,100.668755
8.2,9.3,100.669298
8.2,9.4,100.66974
8.2,9.5,100.670087
8.2,9.6,100.670349
8.2,9.7,100.670531
8.2,9.8,100.67064
8.2,9.9,100.670682
8.2,10,100.670665
8.3,8.4,100.582328
8.3,8.5,100.583989
8.3,8.6,100.585489
8.3,8.7,100.586837
8.3,8.8,100.588041
8.3,8.9,100.589107
8.3,9,100.590045
8.3,9.1,100.590861
8.3,9.2,100.591563
8.3,9.3,100.592159
8.3,9.4,100.592655
8.3,9.5,100.593059
8.3,9.6,100.593377
8.3,9.7,100.593616
8.3,9.8,100.593783
8.3,9.9,100.593883
8.3,10,100.593923
8.4,8.5,100.511666
8.4,8.6,100.513182
8.4,8.7,100.514551
8.4,8.8,100.515781
8.4,8.9,100.51688
8.4,9,100.517853
8.4,9.1,100.518709
8.4,9.2,100.519455
8.4,9.3,100.520096
8.4,9.4,100.52064
8.4,9.5,100.521094
8.4,9.6,100.521463
8.4,9.7,100.521754
8.4,9.8,100.521973
8.4,9.9,100.522126
8.4,10,100.522218
8.5,8.6,100.445689
8.5,8.7,100.447072
8.5,8.8,100.448321
8.5,8.9,100.449444
8.5,9,100.450447
8.5,9.1,100.451336
8.5,9.2,100.452117
8.5,9.3,100.452798
8.5,9.4,100.453384
8.5,9.5,100.453881
8.5,9.6,100.454295
8.5,9.7,100.454633
8.5,9.8,100.454899
8.5,9.9,100.4551
8.5,10,100.45524
8.6,8.7,100.384103
8.6,8.8,100.385365
8.6,8.9,100.386505
8.6,9,100.38753
8.6,9.1,100.388445
8.6,9.2,100.389257
8.6,9.3,100.389971
8.6,9.4,100.390592
8.6,9.5,100.391127
8.6,9.6,100.391581
8.6,9.7,100.39196
8.6,9.8,100.392269
8.6,9.9,100.392513
8.6,10,100.392696
8.7,8.8,100.326631
8.7,8.9,100.327783
8.7,9,100.328824
8.7,9.1,100.329759
8.7,9.2,100.330595
8.7,9.3,100.331336
8.7,9.4,100.331987
8.7,9.5,100.332555
8.7,9.6,100.333044
8.7,9.7,100.333459
8.7,9.8,100.333805
8.7,9.9,100.334088
8.7,10,100.334311
8.8,8.9,100.273013
8.8,9,100.274064
8.8,9.1,100.275014
8.8,9.2,100.275868
8.8,9.3,100.276631
8.8,9.4,100.277308
8.8,9.5,100.277903
8.8,9.6,100.278421
8.8,9.7,100.278868
8.8,9.8,100.279247
8.8,9.9,100.279564
8.8,10,100.279822
8.9,9,100.223003
8.9,9.1,100.223962
8.9,9.2,100.224829
8.9,9.3,100.225609
8.9,9.4,100.226306
8.9,9.5,100.226924
8.9,9.6,100.227467
8.9,9.7,100.227941
8.9,9.8,100.228349
8.9,9.9,100.228696
8.9,10,100.228985
9,9.1,100.176369
9,9.2,100.177245
9,9.3,100.178037
9,9.4,100.178748
9,9.5,100.179385
9,9.6,100.179949
9,9.7,100.180445
9,9.8,100.180878
9,9.9,100.181251
9,10,100.181568
9.1,9.2,100.132894
9.1,9.3,100.133694
9.1,9.4,100.134417
9.1,9.5,100.135067
9.1,9.6,100.135648
9.1,9.7,100.136163
9.1,9.8,100.136617
9.1,9.9,100.137012
9.1,10,100.137353
9.2,9.3,100.092374
9.2,9.4,100.093104
9.2,9.5,100.093764
9.2,9.6,100.094358
9.2,9.7,100.094888
9.2,9.8,100.095359
9.2,9.9,100.095773
9.2,10,100.096135
9.3,9.4,100.054616
9.3,9.5,100.055282
9.3,9.6,100.055885
9.3,9.7,100.056427
9.3,9.8,100.056912
9.3,9.9,100.057342
9.3,10,100.05772
9.4,9.5,100.019439
9.4,9.6,100.020047
9.4,9.7,100.020598
9.4,9.8,100.021093
9.4,9.9,100.021535
9.4,10,100.021928
9.5,9.6,99.986673
9.5,9.7,99.987229
9.5,9.8,99.987732
9.5,9.9,99.988184
9.5,10,99.988588
9.6,9.7,99.95616
9.6,9.8,99.956668
9.6,9.9,99.957127
9.6,10,99.95754
9.7,9.8,99.927751
9.7,9.9,99.928214
9.7,10,99.928634
9.8,9.9,99.901304
9.8,10,99.901728
9.9,10,99.87669
